Added Component: Designator=C1(CAP0603)
Add component (AddParameter): Name = "MP"; Value = "C0603C104M5RAC7867"; VariantName = "[No Variations]"
Add component (AddParameter): Name = "Package"; Value = "0603"; VariantName = "[No Variations]"
Add component (AddParameter): Name = "Value"; Value = "0.1uF"; VariantName = "[No Variations]"
Add component (AddParameter): Name = "Voltage"; Value = "50V"; VariantName = "[No Variations]"
Added Component: Designator=C2(CAP0603)
Add component (AddParameter): Name = "MP"; Value = "GRM188R61E225KA12DGRM188R61E225KA12D"; VariantName = "[No Variations]"
Add component (AddParameter): Name = "Value"; Value = "2.2uF"; VariantName = "[No Variations]"
Added Component: Designator=C3(CAP0603)
Add component (AddParameter): Name = "MP"; Value = "GRM188R61E225KA12DGRM188R61E225KA12D"; VariantName = "[No Variations]"
Add component (AddParameter): Name = "Value"; Value = "2.2uF"; VariantName = "[No Variations]"
Added Component: Designator=C4(CAP0603)
Add component (AddParameter): Name = "MP"; Value = "GRM188R61E225KA12DGRM188R61E225KA12D"; VariantName = "[No Variations]"
Add component (AddParameter): Name = "Value"; Value = "2.2uF"; VariantName = "[No Variations]"
Added Component: Designator=C5(CAP0603)
Add component (AddParameter): Name = "MP"; Value = "GRM188R61E225KA12DGRM188R61E225KA12D"; VariantName = "[No Variations]"
Add component (AddParameter): Name = "Value"; Value = "2.2uF"; VariantName = "[No Variations]"
Added Component: Designator=C6(CAP0603)
Add component (AddParameter): Name = "MP"; Value = "C0603C104M5RAC7867"; VariantName = "[No Variations]"
Add component (AddParameter): Name = "Package"; Value = "0603"; VariantName = "[No Variations]"
Add component (AddParameter): Name = "Value"; Value = "0.1uF"; VariantName = "[No Variations]"
Add component (AddParameter): Name = "Voltage"; Value = "50V"; VariantName = "[No Variations]"
Added Component: Designator=C7(CAP0603)
Add component (AddParameter): Name = "MP"; Value = "CC0603KRX5R6BB475"; VariantName = "[No Variations]"
Add component (AddParameter): Name = "Value"; Value = "4.7uF"; VariantName = "[No Variations]"
Added Component: Designator=C8(CAP0603)
Add component (AddParameter): Name = "MP"; Value = "C1608X5R1H105K080AB"; VariantName = "[No Variations]"
Add component (AddParameter): Name = "Package"; Value = "0603"; VariantName = "[No Variations]"
Add component (AddParameter): Name = "Tolerance"; Value = "±10%"; VariantName = "[No Variations]"
Add component (AddParameter): Name = "Value"; Value = "1uF"; VariantName = "[No Variations]"
Add component (AddParameter): Name = "Voltage - Rated"; Value = "50V"; VariantName = "[No Variations]"
Added Component: Designator=C9(CAP0603)
Add component (AddParameter): Name = "MP"; Value = "C0603C104M5RAC7867"; VariantName = "[No Variations]"
Add component (AddParameter): Name = "Package"; Value = "0603"; VariantName = "[No Variations]"
Add component (AddParameter): Name = "Value"; Value = "0.1uF"; VariantName = "[No Variations]"
Add component (AddParameter): Name = "Voltage"; Value = "50V"; VariantName = "[No Variations]"
Added Component: Designator=C10(CAP0603)
Add component (AddParameter): Name = "MP"; Value = "C0603C104M5RAC7867"; VariantName = "[No Variations]"
Add component (AddParameter): Name = "Package"; Value = "0603"; VariantName = "[No Variations]"
Add component (AddParameter): Name = "Value"; Value = "0.1uF"; VariantName = "[No Variations]"
Add component (AddParameter): Name = "Voltage"; Value = "50V"; VariantName = "[No Variations]"
Added Component: Designator=C11(CAP0603)
Add component (AddParameter): Name = "MP"; Value = "C1608X5R1H105K080AB"; VariantName = "[No Variations]"
Add component (AddParameter): Name = "Package"; Value = "0603"; VariantName = "[No Variations]"
Add component (AddParameter): Name = "Tolerance"; Value = "±10%"; VariantName = "[No Variations]"
Add component (AddParameter): Name = "Value"; Value = "1uF"; VariantName = "[No Variations]"
Add component (AddParameter): Name = "Voltage - Rated"; Value = "50V"; VariantName = "[No Variations]"
Added Component: Designator=C12(CAP0402)
Add component (AddParameter): Name = "MP"; Value = "CC0402KRX5R9BB104"; VariantName = "[No Variations]"
Add component (AddParameter): Name = "Package"; Value = "0402"; VariantName = "[No Variations]"
Add component (AddParameter): Name = "Value"; Value = "0.1uF"; VariantName = "[No Variations]"
Add component (AddParameter): Name = "Voltage"; Value = "50V"; VariantName = "[No Variations]"
Added Component: Designator=C13(CAP0402)
Add component (AddParameter): Name = "MP"; Value = ""; VariantName = "[No Variations]"
Add component (AddParameter): Name = "Value"; Value = "12pF"; VariantName = "[No Variations]"
Added Component: Designator=C14(CAP0603)
Add component (AddParameter): Name = "MP"; Value = "C1608X5R1H105K080AB"; VariantName = "[No Variations]"
Add component (AddParameter): Name = "Package"; Value = "0603"; VariantName = "[No Variations]"
Add component (AddParameter): Name = "Tolerance"; Value = "±10%"; VariantName = "[No Variations]"
Add component (AddParameter): Name = "Value"; Value = "1uF"; VariantName = "[No Variations]"
Add component (AddParameter): Name = "Voltage - Rated"; Value = "50V"; VariantName = "[No Variations]"
Added Component: Designator=C15(CAP0603)
Add component (AddParameter): Name = "MP"; Value = "C0603C104M5RAC7867"; VariantName = "[No Variations]"
Add component (AddParameter): Name = "Package"; Value = "0603"; VariantName = "[No Variations]"
Add component (AddParameter): Name = "Value"; Value = "0.1uF"; VariantName = "[No Variations]"
Add component (AddParameter): Name = "Voltage"; Value = "50V"; VariantName = "[No Variations]"
Added Component: Designator=C16(CAP0603)
Add component (AddParameter): Name = "MP"; Value = "CC0603KRX5R6BB475"; VariantName = "[No Variations]"
Add component (AddParameter): Name = "Value"; Value = "4.7uF"; VariantName = "[No Variations]"
Added Component: Designator=C17(CAP0603)
Add component (AddParameter): Name = "MP"; Value = "C0603C104M5RAC7867"; VariantName = "[No Variations]"
Add component (AddParameter): Name = "Package"; Value = "0603"; VariantName = "[No Variations]"
Add component (AddParameter): Name = "Value"; Value = "0.1uF"; VariantName = "[No Variations]"
Add component (AddParameter): Name = "Voltage"; Value = "50V"; VariantName = "[No Variations]"
Added Component: Designator=C18(CAP0603)
Add component (AddParameter): Name = "MP"; Value = "C0603C104M5RAC7867"; VariantName = "[No Variations]"
Add component (AddParameter): Name = "Package"; Value = "0603"; VariantName = "[No Variations]"
Add component (AddParameter): Name = "Value"; Value = "0.1uF"; VariantName = "[No Variations]"
Add component (AddParameter): Name = "Voltage"; Value = "50V"; VariantName = "[No Variations]"
Added Component: Designator=C19(CAP0603)
Add component (AddParameter): Name = "MP"; Value = "C0603C104M5RAC7867"; VariantName = "[No Variations]"
Add component (AddParameter): Name = "Package"; Value = "0603"; VariantName = "[No Variations]"
Add component (AddParameter): Name = "Value"; Value = "0.1uF"; VariantName = "[No Variations]"
Add component (AddParameter): Name = "Voltage"; Value = "50V"; VariantName = "[No Variations]"
Added Component: Designator=C20(CAP0603)
Add component (AddParameter): Name = "MP"; Value = "C0603C104M5RAC7867"; VariantName = "[No Variations]"
Add component (AddParameter): Name = "Package"; Value = "0603"; VariantName = "[No Variations]"
Add component (AddParameter): Name = "Value"; Value = "0.1uF"; VariantName = "[No Variations]"
Add component (AddParameter): Name = "Voltage"; Value = "50V"; VariantName = "[No Variations]"
Added Component: Designator=C21(CAP0603)
Add component (AddParameter): Name = "MP"; Value = "C0603C104M5RAC7867"; VariantName = "[No Variations]"
Add component (AddParameter): Name = "Package"; Value = "0603"; VariantName = "[No Variations]"
Add component (AddParameter): Name = "Value"; Value = "0.1uF"; VariantName = "[No Variations]"
Add component (AddParameter): Name = "Voltage"; Value = "50V"; VariantName = "[No Variations]"
Added Component: Designator=C22(CAP0603)
Add component (AddParameter): Name = "MP"; Value = "C0603C104M5RAC7867"; VariantName = "[No Variations]"
Add component (AddParameter): Name = "Package"; Value = "0603"; VariantName = "[No Variations]"
Add component (AddParameter): Name = "Value"; Value = "0.1uF"; VariantName = "[No Variations]"
Add component (AddParameter): Name = "Voltage"; Value = "50V"; VariantName = "[No Variations]"
Added Component: Designator=C23(CAP0603)
Add component (AddParameter): Name = "MP"; Value = "C0603C104M5RAC7867"; VariantName = "[No Variations]"
Add component (AddParameter): Name = "Package"; Value = "0603"; VariantName = "[No Variations]"
Add component (AddParameter): Name = "Value"; Value = "0.1uF"; VariantName = "[No Variations]"
Add component (AddParameter): Name = "Voltage"; Value = "50V"; VariantName = "[No Variations]"
Added Component: Designator=C24(CAP0603)
Add component (AddParameter): Name = "MP"; Value = "C0603C104M5RAC7867"; VariantName = "[No Variations]"
Add component (AddParameter): Name = "Package"; Value = "0603"; VariantName = "[No Variations]"
Add component (AddParameter): Name = "Value"; Value = "0.1uF"; VariantName = "[No Variations]"
Add component (AddParameter): Name = "Voltage"; Value = "50V"; VariantName = "[No Variations]"
Added Component: Designator=C25(CAP0603)
Add component (AddParameter): Name = "MP"; Value = "C0603C104M5RAC7867"; VariantName = "[No Variations]"
Add component (AddParameter): Name = "Package"; Value = "0603"; VariantName = "[No Variations]"
Add component (AddParameter): Name = "Value"; Value = "0.1uF"; VariantName = "[No Variations]"
Add component (AddParameter): Name = "Voltage"; Value = "50V"; VariantName = "[No Variations]"
Added Component: Designator=C26(CAP0603)
Add component (AddParameter): Name = "MP"; Value = "C0603C104M5RAC7867"; VariantName = "[No Variations]"
Add component (AddParameter): Name = "Package"; Value = "0603"; VariantName = "[No Variations]"
Add component (AddParameter): Name = "Value"; Value = "0.1uF"; VariantName = "[No Variations]"
Add component (AddParameter): Name = "Voltage"; Value = "50V"; VariantName = "[No Variations]"
Added Component: Designator=C27(CAP0402)
Add component (AddParameter): Name = "MP"; Value = ""; VariantName = "[No Variations]"
Add component (AddParameter): Name = "Value"; Value = "12pF"; VariantName = "[No Variations]"
Added Component: Designator=C28(CAP0402)
Add component (AddParameter): Name = "Capacitance"; Value = "100nF"; VariantName = "[No Variations]"
Add component (AddParameter): Name = "Case/Package"; Value = "0402"; VariantName = "[No Variations]"
Add component (AddParameter): Name = "Dielectric"; Value = "X5R"; VariantName = "[No Variations]"
Add component (AddParameter): Name = "Halogen Free"; Value = "Halogen Free"; VariantName = "[No Variations]"
Add component (AddParameter): Name = "Lead Free"; Value = "Lead Free"; VariantName = "[No Variations]"
Add component (AddParameter): Name = "Length"; Value = "0.039inch"; VariantName = "[No Variations]"
Add component (AddParameter): Name = "Manufacturer"; Value = "Yageo"; VariantName = "[No Variations]"
Add component (AddParameter): Name = "Manufacturer 1"; Value = "Yageo"; VariantName = "[No Variations]"
Add component (AddParameter): Name = "Manufacturer Part Number"; Value = "CC0402KRX5R9BB104"; VariantName = "[No Variations]"
Add component (AddParameter): Name = "Manufacturer Part Number 1"; Value = "CC0402KRX5R9BB104"; VariantName = "[No Variations]"
Add component (AddParameter): Name = "Max Operating Temperature"; Value = "85°C"; VariantName = "[No Variations]"
Add component (AddParameter): Name = "Min Operating Temperature"; Value = "-55°C"; VariantName = "[No Variations]"
Add component (AddParameter): Name = "Mount"; Value = "Surface Mount"; VariantName = "[No Variations]"
Add component (AddParameter): Name = "Packaging"; Value = "Tape and Reel"; VariantName = "[No Variations]"
Add component (AddParameter): Name = "Thickness"; Value = "0.022inch"; VariantName = "[No Variations]"
Add component (AddParameter): Name = "Tolerance"; Value = "10%"; VariantName = "[No Variations]"
Add component (AddParameter): Name = "Voltage Rating"; Value = "50V"; VariantName = "[No Variations]"
Add component (AddParameter): Name = "Voltage Rating (DC)"; Value = "50V"; VariantName = "[No Variations]"
Add component (AddParameter): Name = "Width"; Value = "0.02inch"; VariantName = "[No Variations]"
Added Component: Designator=C29(CAP0603)
Add component (AddParameter): Name = "Capacitance"; Value = "10uF"; VariantName = "[No Variations]"
Add component (AddParameter): Name = "Case Code (Imperial)"; Value = "0603"; VariantName = "[No Variations]"
Add component (AddParameter): Name = "Case Code (Metric)"; Value = "1608"; VariantName = "[No Variations]"
Add component (AddParameter): Name = "Case/Package"; Value = "0603"; VariantName = "[No Variations]"
Add component (AddParameter): Name = "Composition"; Value = "Ceramic"; VariantName = "[No Variations]"
Add component (AddParameter): Name = "Depth"; Value = "0.8mm"; VariantName = "[No Variations]"
Add component (AddParameter): Name = "Dielectric"; Value = "X5R"; VariantName = "[No Variations]"
Add component (AddParameter): Name = "Height"; Value = "0.8mm"; VariantName = "[No Variations]"
Add component (AddParameter): Name = "Lead Free"; Value = "Lead Free"; VariantName = "[No Variations]"
Add component (AddParameter): Name = "Length"; Value = "1.6mm"; VariantName = "[No Variations]"
Add component (AddParameter): Name = "Manufacturer 1"; Value = "Murata Electronics"; VariantName = "[No Variations]"
Add component (AddParameter): Name = "Manufacturer Part Number 1"; Value = "GRM188R6YA106MA73D"; VariantName = "[No Variations]"
Add component (AddParameter): Name = "Max Operating Temperature"; Value = "85°C"; VariantName = "[No Variations]"
Add component (AddParameter): Name = "Min Operating Temperature"; Value = "-55°C"; VariantName = "[No Variations]"
Add component (AddParameter): Name = "Mount"; Value = "Surface Mount"; VariantName = "[No Variations]"
Add component (AddParameter): Name = "Number of Pins"; Value = "2"; VariantName = "[No Variations]"
Add component (AddParameter): Name = "Package Quantity"; Value = "1"; VariantName = "[No Variations]"
Add component (AddParameter): Name = "Packaging"; Value = "Tape and Reel"; VariantName = "[No Variations]"
Add component (AddParameter): Name = "REACH SVHC"; Value = "No SVHC"; VariantName = "[No Variations]"
Add component (AddParameter): Name = "Termination"; Value = "SMD/SMT"; VariantName = "[No Variations]"
Add component (AddParameter): Name = "Thickness"; Value = "0.031inch"; VariantName = "[No Variations]"
Add component (AddParameter): Name = "Tolerance"; Value = "20%"; VariantName = "[No Variations]"
Add component (AddParameter): Name = "Voltage"; Value = "35V"; VariantName = "[No Variations]"
Add component (AddParameter): Name = "Voltage Rating"; Value = "35V"; VariantName = "[No Variations]"
Add component (AddParameter): Name = "Voltage Rating (DC)"; Value = "35V"; VariantName = "[No Variations]"
Add component (AddParameter): Name = "Weight"; Value = "0.000222oz"; VariantName = "[No Variations]"
Add component (AddParameter): Name = "Width"; Value = "0.031inch"; VariantName = "[No Variations]"
Added Component: Designator=C30(CAP0402)
Add component (AddParameter): Name = "Capacitance"; Value = "100nF"; VariantName = "[No Variations]"
Add component (AddParameter): Name = "Case/Package"; Value = "0402"; VariantName = "[No Variations]"
Add component (AddParameter): Name = "Dielectric"; Value = "X5R"; VariantName = "[No Variations]"
Add component (AddParameter): Name = "Halogen Free"; Value = "Halogen Free"; VariantName = "[No Variations]"
Add component (AddParameter): Name = "Lead Free"; Value = "Lead Free"; VariantName = "[No Variations]"
Add component (AddParameter): Name = "Length"; Value = "0.039inch"; VariantName = "[No Variations]"
Add component (AddParameter): Name = "Manufacturer"; Value = "Yageo"; VariantName = "[No Variations]"
Add component (AddParameter): Name = "Manufacturer 1"; Value = "Yageo"; VariantName = "[No Variations]"
Add component (AddParameter): Name = "Manufacturer Part Number"; Value = "CC0402KRX5R9BB104"; VariantName = "[No Variations]"
Add component (AddParameter): Name = "Manufacturer Part Number 1"; Value = "CC0402KRX5R9BB104"; VariantName = "[No Variations]"
Add component (AddParameter): Name = "Max Operating Temperature"; Value = "85°C"; VariantName = "[No Variations]"
Add component (AddParameter): Name = "Min Operating Temperature"; Value = "-55°C"; VariantName = "[No Variations]"
Add component (AddParameter): Name = "Mount"; Value = "Surface Mount"; VariantName = "[No Variations]"
Add component (AddParameter): Name = "Packaging"; Value = "Tape and Reel"; VariantName = "[No Variations]"
Add component (AddParameter): Name = "Thickness"; Value = "0.022inch"; VariantName = "[No Variations]"
Add component (AddParameter): Name = "Tolerance"; Value = "10%"; VariantName = "[No Variations]"
Add component (AddParameter): Name = "Voltage Rating"; Value = "50V"; VariantName = "[No Variations]"
Add component (AddParameter): Name = "Voltage Rating (DC)"; Value = "50V"; VariantName = "[No Variations]"
Add component (AddParameter): Name = "Width"; Value = "0.02inch"; VariantName = "[No Variations]"
Added Component: Designator=C31(CAP0402)
Add component (AddParameter): Name = "Capacitance"; Value = "22uF"; VariantName = "[No Variations]"
Add component (AddParameter): Name = "Case Code (Imperial)"; Value = "0402"; VariantName = "[No Variations]"
Add component (AddParameter): Name = "Case Code (Metric)"; Value = "1005"; VariantName = "[No Variations]"
Add component (AddParameter): Name = "Case/Package"; Value = "0402"; VariantName = "[No Variations]"
Add component (AddParameter): Name = "Depth"; Value = "0.5mm"; VariantName = "[No Variations]"
Add component (AddParameter): Name = "Dielectric"; Value = "X5R"; VariantName = "[No Variations]"
Add component (AddParameter): Name = "Length"; Value = "1mm"; VariantName = "[No Variations]"
Add component (AddParameter): Name = "Manufacturer 1"; Value = "TDK Corporation"; VariantName = "[No Variations]"
Add component (AddParameter): Name = "Manufacturer Part Number 1"; Value = "GRM158R61A226ME15D"; VariantName = "[No Variations]"
Add component (AddParameter): Name = "Max Operating Temperature"; Value = "85°C"; VariantName = "[No Variations]"
Add component (AddParameter): Name = "Min Operating Temperature"; Value = "-55°C"; VariantName = "[No Variations]"
Add component (AddParameter): Name = "Packaging"; Value = "Tape and Reel"; VariantName = "[No Variations]"
Add component (AddParameter): Name = "Radiation Hardening"; Value = "No"; VariantName = "[No Variations]"
Add component (AddParameter): Name = "REACH SVHC"; Value = "No SVHC"; VariantName = "[No Variations]"
Add component (AddParameter): Name = "Termination"; Value = "SMD/SMT"; VariantName = "[No Variations]"
Add component (AddParameter): Name = "Tolerance"; Value = "10%"; VariantName = "[No Variations]"
Add component (AddParameter): Name = "Voltage"; Value = "10V"; VariantName = "[No Variations]"
Add component (AddParameter): Name = "Voltage Rating"; Value = "10V"; VariantName = "[No Variations]"
Added Component: Designator=C32(CAP0402)
Add component (AddParameter): Name = "Capacitance"; Value = "22uF"; VariantName = "[No Variations]"
Add component (AddParameter): Name = "Case Code (Imperial)"; Value = "0402"; VariantName = "[No Variations]"
Add component (AddParameter): Name = "Case Code (Metric)"; Value = "1005"; VariantName = "[No Variations]"
Add component (AddParameter): Name = "Case/Package"; Value = "0402"; VariantName = "[No Variations]"
Add component (AddParameter): Name = "Depth"; Value = "0.5mm"; VariantName = "[No Variations]"
Add component (AddParameter): Name = "Dielectric"; Value = "X5R"; VariantName = "[No Variations]"
Add component (AddParameter): Name = "Length"; Value = "1mm"; VariantName = "[No Variations]"
Add component (AddParameter): Name = "Manufacturer 1"; Value = "TDK Corporation"; VariantName = "[No Variations]"
Add component (AddParameter): Name = "Manufacturer Part Number 1"; Value = "GRM158R61A226ME15D"; VariantName = "[No Variations]"
Add component (AddParameter): Name = "Max Operating Temperature"; Value = "85°C"; VariantName = "[No Variations]"
Add component (AddParameter): Name = "Min Operating Temperature"; Value = "-55°C"; VariantName = "[No Variations]"
Add component (AddParameter): Name = "Packaging"; Value = "Tape and Reel"; VariantName = "[No Variations]"
Add component (AddParameter): Name = "Radiation Hardening"; Value = "No"; VariantName = "[No Variations]"
Add component (AddParameter): Name = "REACH SVHC"; Value = "No SVHC"; VariantName = "[No Variations]"
Add component (AddParameter): Name = "Termination"; Value = "SMD/SMT"; VariantName = "[No Variations]"
Add component (AddParameter): Name = "Tolerance"; Value = "10%"; VariantName = "[No Variations]"
Add component (AddParameter): Name = "Voltage"; Value = "10V"; VariantName = "[No Variations]"
Add component (AddParameter): Name = "Voltage Rating"; Value = "10V"; VariantName = "[No Variations]"
Added Component: Designator=C33(CAP0402)
Add component (AddParameter): Name = "CLASS"; Value = "DISCRETE"; VariantName = "[No Variations]"
Add component (AddParameter): Name = "Dielectric Type"; Value = "Capacitors"; VariantName = "[No Variations]"
Add component (AddParameter): Name = "ICA_MFR_NAME"; Value = ""; VariantName = "[No Variations]"
Add component (AddParameter): Name = "ICA_PARTNUM"; Value = ""; VariantName = "[No Variations]"
Add component (AddParameter): Name = "Manufacturer"; Value = "YAGEO"; VariantName = "[No Variations]"
Add component (AddParameter): Name = "Manufacturer PN"; Value = "CC0402JRNPO9BN750"; VariantName = "[No Variations]"
Add component (AddParameter): Name = "Package Size"; Value = "0402 (1005 Metric)"; VariantName = "[No Variations]"
Add component (AddParameter): Name = "PART_NUMBER"; Value = "TMP-416"; VariantName = "[No Variations]"
Add component (AddParameter): Name = "Rated Voltage"; Value = "25V"; VariantName = "[No Variations]"
Add component (AddParameter): Name = "Temperature Coefficient"; Value = "C0G, NP0"; VariantName = "[No Variations]"
Add component (AddParameter): Name = "Tolerance"; Value = "5%"; VariantName = "[No Variations]"
Added Component: Designator=C34(CAP0603)
Add component (AddParameter): Name = "Capacitance"; Value = "10uF"; VariantName = "[No Variations]"
Add component (AddParameter): Name = "Case Code (Imperial)"; Value = "0603"; VariantName = "[No Variations]"
Add component (AddParameter): Name = "Case Code (Metric)"; Value = "1608"; VariantName = "[No Variations]"
Add component (AddParameter): Name = "Case/Package"; Value = "0603"; VariantName = "[No Variations]"
Add component (AddParameter): Name = "Composition"; Value = "Ceramic"; VariantName = "[No Variations]"
Add component (AddParameter): Name = "Depth"; Value = "0.8mm"; VariantName = "[No Variations]"
Add component (AddParameter): Name = "Dielectric"; Value = "X5R"; VariantName = "[No Variations]"
Add component (AddParameter): Name = "Height"; Value = "0.8mm"; VariantName = "[No Variations]"
Add component (AddParameter): Name = "Lead Free"; Value = "Lead Free"; VariantName = "[No Variations]"
Add component (AddParameter): Name = "Length"; Value = "1.6mm"; VariantName = "[No Variations]"
Add component (AddParameter): Name = "Manufacturer 1"; Value = "Murata Electronics"; VariantName = "[No Variations]"
Add component (AddParameter): Name = "Manufacturer Part Number 1"; Value = "GRM188R6YA106MA73D"; VariantName = "[No Variations]"
Add component (AddParameter): Name = "Max Operating Temperature"; Value = "85°C"; VariantName = "[No Variations]"
Add component (AddParameter): Name = "Min Operating Temperature"; Value = "-55°C"; VariantName = "[No Variations]"
Add component (AddParameter): Name = "Mount"; Value = "Surface Mount"; VariantName = "[No Variations]"
Add component (AddParameter): Name = "Number of Pins"; Value = "2"; VariantName = "[No Variations]"
Add component (AddParameter): Name = "Package Quantity"; Value = "1"; VariantName = "[No Variations]"
Add component (AddParameter): Name = "Packaging"; Value = "Tape and Reel"; VariantName = "[No Variations]"
Add component (AddParameter): Name = "REACH SVHC"; Value = "No SVHC"; VariantName = "[No Variations]"
Add component (AddParameter): Name = "Termination"; Value = "SMD/SMT"; VariantName = "[No Variations]"
Add component (AddParameter): Name = "Thickness"; Value = "0.031inch"; VariantName = "[No Variations]"
Add component (AddParameter): Name = "Tolerance"; Value = "20%"; VariantName = "[No Variations]"
Add component (AddParameter): Name = "Voltage"; Value = "35V"; VariantName = "[No Variations]"
Add component (AddParameter): Name = "Voltage Rating"; Value = "35V"; VariantName = "[No Variations]"
Add component (AddParameter): Name = "Voltage Rating (DC)"; Value = "35V"; VariantName = "[No Variations]"
Add component (AddParameter): Name = "Weight"; Value = "0.000222oz"; VariantName = "[No Variations]"
Add component (AddParameter): Name = "Width"; Value = "0.031inch"; VariantName = "[No Variations]"
Added Component: Designator=C35(CAP0402)
Add component (AddParameter): Name = "Capacitance"; Value = "100nF"; VariantName = "[No Variations]"
Add component (AddParameter): Name = "Case/Package"; Value = "0402"; VariantName = "[No Variations]"
Add component (AddParameter): Name = "Dielectric"; Value = "X5R"; VariantName = "[No Variations]"
Add component (AddParameter): Name = "Halogen Free"; Value = "Halogen Free"; VariantName = "[No Variations]"
Add component (AddParameter): Name = "Lead Free"; Value = "Lead Free"; VariantName = "[No Variations]"
Add component (AddParameter): Name = "Length"; Value = "0.039inch"; VariantName = "[No Variations]"
Add component (AddParameter): Name = "Manufacturer"; Value = "Yageo"; VariantName = "[No Variations]"
Add component (AddParameter): Name = "Manufacturer 1"; Value = "Yageo"; VariantName = "[No Variations]"
Add component (AddParameter): Name = "Manufacturer Part Number"; Value = "CC0402KRX5R9BB104"; VariantName = "[No Variations]"
Add component (AddParameter): Name = "Manufacturer Part Number 1"; Value = "CC0402KRX5R9BB104"; VariantName = "[No Variations]"
Add component (AddParameter): Name = "Max Operating Temperature"; Value = "85°C"; VariantName = "[No Variations]"
Add component (AddParameter): Name = "Min Operating Temperature"; Value = "-55°C"; VariantName = "[No Variations]"
Add component (AddParameter): Name = "Mount"; Value = "Surface Mount"; VariantName = "[No Variations]"
Add component (AddParameter): Name = "Packaging"; Value = "Tape and Reel"; VariantName = "[No Variations]"
Add component (AddParameter): Name = "Thickness"; Value = "0.022inch"; VariantName = "[No Variations]"
Add component (AddParameter): Name = "Tolerance"; Value = "10%"; VariantName = "[No Variations]"
Add component (AddParameter): Name = "Voltage Rating"; Value = "50V"; VariantName = "[No Variations]"
Add component (AddParameter): Name = "Voltage Rating (DC)"; Value = "50V"; VariantName = "[No Variations]"
Add component (AddParameter): Name = "Width"; Value = "0.02inch"; VariantName = "[No Variations]"
Added Component: Designator=C36(CAP0402)
Add component (AddParameter): Name = "Capacitance"; Value = "100nF"; VariantName = "[No Variations]"
Add component (AddParameter): Name = "Case/Package"; Value = "0402"; VariantName = "[No Variations]"
Add component (AddParameter): Name = "Dielectric"; Value = "X5R"; VariantName = "[No Variations]"
Add component (AddParameter): Name = "Halogen Free"; Value = "Halogen Free"; VariantName = "[No Variations]"
Add component (AddParameter): Name = "Lead Free"; Value = "Lead Free"; VariantName = "[No Variations]"
Add component (AddParameter): Name = "Length"; Value = "0.039inch"; VariantName = "[No Variations]"
Add component (AddParameter): Name = "Manufacturer"; Value = "Yageo"; VariantName = "[No Variations]"
Add component (AddParameter): Name = "Manufacturer 1"; Value = "Yageo"; VariantName = "[No Variations]"
Add component (AddParameter): Name = "Manufacturer Part Number"; Value = "CC0402KRX5R9BB104"; VariantName = "[No Variations]"
Add component (AddParameter): Name = "Manufacturer Part Number 1"; Value = "CC0402KRX5R9BB104"; VariantName = "[No Variations]"
Add component (AddParameter): Name = "Max Operating Temperature"; Value = "85°C"; VariantName = "[No Variations]"
Add component (AddParameter): Name = "Min Operating Temperature"; Value = "-55°C"; VariantName = "[No Variations]"
Add component (AddParameter): Name = "Mount"; Value = "Surface Mount"; VariantName = "[No Variations]"
Add component (AddParameter): Name = "Packaging"; Value = "Tape and Reel"; VariantName = "[No Variations]"
Add component (AddParameter): Name = "Thickness"; Value = "0.022inch"; VariantName = "[No Variations]"
Add component (AddParameter): Name = "Tolerance"; Value = "10%"; VariantName = "[No Variations]"
Add component (AddParameter): Name = "Voltage Rating"; Value = "50V"; VariantName = "[No Variations]"
Add component (AddParameter): Name = "Voltage Rating (DC)"; Value = "50V"; VariantName = "[No Variations]"
Add component (AddParameter): Name = "Width"; Value = "0.02inch"; VariantName = "[No Variations]"
Added Component: Designator=C37(CAP0603)
Add component (AddParameter): Name = "Capacitance"; Value = "10uF"; VariantName = "[No Variations]"
Add component (AddParameter): Name = "Case Code (Imperial)"; Value = "0603"; VariantName = "[No Variations]"
Add component (AddParameter): Name = "Case Code (Metric)"; Value = "1608"; VariantName = "[No Variations]"
Add component (AddParameter): Name = "Case/Package"; Value = "0603"; VariantName = "[No Variations]"
Add component (AddParameter): Name = "Composition"; Value = "Ceramic"; VariantName = "[No Variations]"
Add component (AddParameter): Name = "Depth"; Value = "0.8mm"; VariantName = "[No Variations]"
Add component (AddParameter): Name = "Dielectric"; Value = "X5R"; VariantName = "[No Variations]"
Add component (AddParameter): Name = "Height"; Value = "0.8mm"; VariantName = "[No Variations]"
Add component (AddParameter): Name = "Lead Free"; Value = "Lead Free"; VariantName = "[No Variations]"
Add component (AddParameter): Name = "Length"; Value = "1.6mm"; VariantName = "[No Variations]"
Add component (AddParameter): Name = "Manufacturer 1"; Value = "Murata Electronics"; VariantName = "[No Variations]"
Add component (AddParameter): Name = "Manufacturer Part Number 1"; Value = "GRM188R6YA106MA73D"; VariantName = "[No Variations]"
Add component (AddParameter): Name = "Max Operating Temperature"; Value = "85°C"; VariantName = "[No Variations]"
Add component (AddParameter): Name = "Min Operating Temperature"; Value = "-55°C"; VariantName = "[No Variations]"
Add component (AddParameter): Name = "Mount"; Value = "Surface Mount"; VariantName = "[No Variations]"
Add component (AddParameter): Name = "Number of Pins"; Value = "2"; VariantName = "[No Variations]"
Add component (AddParameter): Name = "Package Quantity"; Value = "1"; VariantName = "[No Variations]"
Add component (AddParameter): Name = "Packaging"; Value = "Tape and Reel"; VariantName = "[No Variations]"
Add component (AddParameter): Name = "REACH SVHC"; Value = "No SVHC"; VariantName = "[No Variations]"
Add component (AddParameter): Name = "Termination"; Value = "SMD/SMT"; VariantName = "[No Variations]"
Add component (AddParameter): Name = "Thickness"; Value = "0.031inch"; VariantName = "[No Variations]"
Add component (AddParameter): Name = "Tolerance"; Value = "20%"; VariantName = "[No Variations]"
Add component (AddParameter): Name = "Voltage"; Value = "35V"; VariantName = "[No Variations]"
Add component (AddParameter): Name = "Voltage Rating"; Value = "35V"; VariantName = "[No Variations]"
Add component (AddParameter): Name = "Voltage Rating (DC)"; Value = "35V"; VariantName = "[No Variations]"
Add component (AddParameter): Name = "Weight"; Value = "0.000222oz"; VariantName = "[No Variations]"
Add component (AddParameter): Name = "Width"; Value = "0.031inch"; VariantName = "[No Variations]"
Added Component: Designator=C38(CAP0603)
Add component (AddParameter): Name = "Capacitance"; Value = "100nF"; VariantName = "[No Variations]"
Add component (AddParameter): Name = "Case Code (Imperial)"; Value = "0603"; VariantName = "[No Variations]"
Add component (AddParameter): Name = "Case Code (Metric)"; Value = "1608"; VariantName = "[No Variations]"
Add component (AddParameter): Name = "Case/Package"; Value = "0603"; VariantName = "[No Variations]"
Add component (AddParameter): Name = "Contact Plating"; Value = "Tin,Matte"; VariantName = "[No Variations]"
Add component (AddParameter): Name = "Depth"; Value = "0.8mm"; VariantName = "[No Variations]"
Add component (AddParameter): Name = "Dielectric"; Value = "X7R"; VariantName = "[No Variations]"
Add component (AddParameter): Name = "Dielectric Material"; Value = "Ceramic"; VariantName = "[No Variations]"
Add component (AddParameter): Name = "Dissipation Factor"; Value = "2.5%"; VariantName = "[No Variations]"
Add component (AddParameter): Name = "Height"; Value = "0.8mm"; VariantName = "[No Variations]"
Add component (AddParameter): Name = "Lead Pitch"; Value = "0.7mm"; VariantName = "[No Variations]"
Add component (AddParameter): Name = "Length"; Value = "1.6mm"; VariantName = "[No Variations]"
Add component (AddParameter): Name = "Manufacturer 1"; Value = "KEMET"; VariantName = "[No Variations]"
Add component (AddParameter): Name = "Manufacturer Part Number 1"; Value = "C0603C104M5RACTU"; VariantName = "[No Variations]"
Add component (AddParameter): Name = "Max Operating Temperature"; Value = "125°C"; VariantName = "[No Variations]"
Add component (AddParameter): Name = "Min Operating Temperature"; Value = "-55°C"; VariantName = "[No Variations]"
Add component (AddParameter): Name = "Mount"; Value = "Surface Mount,PCB"; VariantName = "[No Variations]"
Add component (AddParameter): Name = "Package Quantity"; Value = "1"; VariantName = "[No Variations]"
Add component (AddParameter): Name = "Packaging"; Value = "Tape and Reel"; VariantName = "[No Variations]"
Add component (AddParameter): Name = "Radiation Hardening"; Value = "No"; VariantName = "[No Variations]"
Add component (AddParameter): Name = "REACH SVHC"; Value = "No SVHC"; VariantName = "[No Variations]"
Add component (AddParameter): Name = "Termination"; Value = "SMD/SMT"; VariantName = "[No Variations]"
Add component (AddParameter): Name = "Thickness"; Value = "0.034inch"; VariantName = "[No Variations]"
Add component (AddParameter): Name = "Tolerance"; Value = "20%"; VariantName = "[No Variations]"
Add component (AddParameter): Name = "Voltage Rating"; Value = "50V"; VariantName = "[No Variations]"
Add component (AddParameter): Name = "Voltage Rating (DC)"; Value = "50V"; VariantName = "[No Variations]"
Add component (AddParameter): Name = "Width"; Value = "0.031inch"; VariantName = "[No Variations]"
Added Component: Designator=C39(CAP0805)
Add component (AddParameter): Name = "Capacitance"; Value = "47uF"; VariantName = "[No Variations]"
Add component (AddParameter): Name = "Case Code (Imperial)"; Value = "0805"; VariantName = "[No Variations]"
Add component (AddParameter): Name = "Case Code (Metric)"; Value = "2012"; VariantName = "[No Variations]"
Add component (AddParameter): Name = "Case/Package"; Value = "0805"; VariantName = "[No Variations]"
Add component (AddParameter): Name = "Category"; Value = "Ceramic Capacitors"; VariantName = "[No Variations]"
Add component (AddParameter): Name = "ComponentLink1Description"; Value = "http://www.farnell.com/datasheets/1958454.pdf?src-supplier=Farnell"; VariantName = "[No Variations]"
Add component (AddParameter): Name = "ComponentLink1URL"; Value = "http://www.farnell.com/datasheets/1958454.pdf?src-supplier=Farnell"; VariantName = "[No Variations]"
Add component (AddParameter): Name = "ComponentLink2Description"; Value = "http://www.farnell.com/datasheets/1958454.pdf?src-supplier=Element14"; VariantName = "[No Variations]"
Add component (AddParameter): Name = "ComponentLink2URL"; Value = "http://www.farnell.com/datasheets/1958454.pdf?src-supplier=Element14"; VariantName = "[No Variations]"
Add component (AddParameter): Name = "ComponentLink3Description"; Value = "https://katalog.we-online.de/pbs/datasheet/885012107014.pdf?src-supplier=Digi-Key"; VariantName = "[No Variations]"
Add component (AddParameter): Name = "ComponentLink3URL"; Value = "https://katalog.we-online.de/pbs/datasheet/885012107014.pdf?src-supplier=Digi-Key"; VariantName = "[No Variations]"
Add component (AddParameter): Name = "ComponentLink4Description"; Value = "http://www.farnell.com/datasheets/1958454.pdf?src-supplier=Newark"; VariantName = "[No Variations]"
Add component (AddParameter): Name = "ComponentLink4URL"; Value = "http://www.farnell.com/datasheets/1958454.pdf?src-supplier=Newark"; VariantName = "[No Variations]"
Add component (AddParameter): Name = "Dielectric"; Value = "X5R"; VariantName = "[No Variations]"
Add component (AddParameter): Name = "Length"; Value = "0.079inch"; VariantName = "[No Variations]"
Add component (AddParameter): Name = "Manufacturer"; Value = ""; VariantName = "[No Variations]"
Add component (AddParameter): Name = "Manufacturer Part Number"; Value = "CL21A476MQYNNNE"; VariantName = "[No Variations]"
Add component (AddParameter): Name = "Max Operating Temperature"; Value = "85°C"; VariantName = "[No Variations]"
Add component (AddParameter): Name = "Min Operating Temperature"; Value = "-55°C"; VariantName = "[No Variations]"
Add component (AddParameter): Name = "Mount"; Value = "Surface Mount"; VariantName = "[No Variations]"
Add component (AddParameter): Name = "Packaging"; Value = "Cut Tape"; VariantName = "[No Variations]"
Add component (AddParameter): Name = "Pricing 1"; Value = "1=0.37000, 5=0.35200, 10=0.33000, 25=0.31900, 50=0.30900, 100=0.29800 (USD)"; VariantName = "[No Variations]"
Add component (AddParameter): Name = "RoHS"; Value = "Yes"; VariantName = "[No Variations]"
Add component (AddParameter): Name = "RoHS Compliant"; Value = "Yes"; VariantName = "[No Variations]"
Add component (AddParameter): Name = "Series"; Value = "WCAP-CSGP"; VariantName = "[No Variations]"
Add component (AddParameter): Name = "Stock 1"; Value = "3580"; VariantName = "[No Variations]"
Add component (AddParameter): Name = "Supplier 1"; Value = "Newark"; VariantName = "[No Variations]"
Add component (AddParameter): Name = "Thickness"; Value = "0.057inch"; VariantName = "[No Variations]"
Add component (AddParameter): Name = "Tolerance"; Value = "20%"; VariantName = "[No Variations]"
Add component (AddParameter): Name = "Voltage Rating"; Value = "6.3V"; VariantName = "[No Variations]"
Add component (AddParameter): Name = "Voltage Rating (DC)"; Value = "6.3V"; VariantName = "[No Variations]"
Add component (AddParameter): Name = "Width"; Value = "0.049inch"; VariantName = "[No Variations]"
Added Component: Designator=C40(CAP0402)
Add component (AddParameter): Name = "Capacitance"; Value = "100nF"; VariantName = "[No Variations]"
Add component (AddParameter): Name = "Case Code (Imperial)"; Value = "0402"; VariantName = "[No Variations]"
Add component (AddParameter): Name = "Case Code (Metric)"; Value = "1005"; VariantName = "[No Variations]"
Add component (AddParameter): Name = "Case/Package"; Value = "0402"; VariantName = "[No Variations]"
Add component (AddParameter): Name = "Composition"; Value = "Ceramic"; VariantName = "[No Variations]"
Add component (AddParameter): Name = "Depth"; Value = "0.5mm"; VariantName = "[No Variations]"
Add component (AddParameter): Name = "Dielectric"; Value = "X7R"; VariantName = "[No Variations]"
Add component (AddParameter): Name = "Dielectric Material"; Value = "Ceramic"; VariantName = "[No Variations]"
Add component (AddParameter): Name = "Dissipation Factor"; Value = "0.025%"; VariantName = "[No Variations]"
Add component (AddParameter): Name = "Height"; Value = "0.5mm"; VariantName = "[No Variations]"
Add component (AddParameter): Name = "Lead Free"; Value = "Lead Free"; VariantName = "[No Variations]"
Add component (AddParameter): Name = "Length"; Value = "1mm"; VariantName = "[No Variations]"
Add component (AddParameter): Name = "Manufacturer 1"; Value = "Murata Electronics"; VariantName = "[No Variations]"
Add component (AddParameter): Name = "Manufacturer Part Number 1"; Value = "GRM155R71H104KE14D"; VariantName = "[No Variations]"
Add component (AddParameter): Name = "Material"; Value = "Ceramic"; VariantName = "[No Variations]"
Add component (AddParameter): Name = "Max Operating Temperature"; Value = "125°C"; VariantName = "[No Variations]"
Add component (AddParameter): Name = "Min Operating Temperature"; Value = "-55°C"; VariantName = "[No Variations]"
Add component (AddParameter): Name = "Mount"; Value = "Surface Mount"; VariantName = "[No Variations]"
Add component (AddParameter): Name = "Package Quantity"; Value = "10000"; VariantName = "[No Variations]"
Add component (AddParameter): Name = "Packaging"; Value = "Tape and Reel"; VariantName = "[No Variations]"
Add component (AddParameter): Name = "REACH SVHC"; Value = "No SVHC"; VariantName = "[No Variations]"
Add component (AddParameter): Name = "Termination"; Value = "SMD/SMT"; VariantName = "[No Variations]"
Add component (AddParameter): Name = "Thickness"; Value = "0.022inch"; VariantName = "[No Variations]"
Add component (AddParameter): Name = "Tolerance"; Value = "10%"; VariantName = "[No Variations]"
Add component (AddParameter): Name = "Voltage"; Value = "50V"; VariantName = "[No Variations]"
Add component (AddParameter): Name = "Voltage Rating"; Value = "50V"; VariantName = "[No Variations]"
Add component (AddParameter): Name = "Voltage Rating (DC)"; Value = "50V"; VariantName = "[No Variations]"
Add component (AddParameter): Name = "Weight"; Value = "0.000212oz"; VariantName = "[No Variations]"
Add component (AddParameter): Name = "Width"; Value = "0.5mm"; VariantName = "[No Variations]"
Added Component: Designator=C41(CAP0402)
Add component (AddParameter): Name = "Capacitance"; Value = "1uF"; VariantName = "[No Variations]"
Add component (AddParameter): Name = "Case Code (Imperial)"; Value = "0402"; VariantName = "[No Variations]"
Add component (AddParameter): Name = "Case Code (Metric)"; Value = "1005"; VariantName = "[No Variations]"
Add component (AddParameter): Name = "Case/Package"; Value = "0402"; VariantName = "[No Variations]"
Add component (AddParameter): Name = "Depth"; Value = "0.5mm"; VariantName = "[No Variations]"
Add component (AddParameter): Name = "Dielectric"; Value = "X5R"; VariantName = "[No Variations]"
Add component (AddParameter): Name = "Length"; Value = "1mm"; VariantName = "[No Variations]"
Add component (AddParameter): Name = "Manufacturer 1"; Value = "TDK Corporation"; VariantName = "[No Variations]"
Add component (AddParameter): Name = "Manufacturer Part Number 1"; Value = "CC0402KRX5R8BB105"; VariantName = "[No Variations]"
Add component (AddParameter): Name = "Max Operating Temperature"; Value = "85°C"; VariantName = "[No Variations]"
Add component (AddParameter): Name = "Min Operating Temperature"; Value = "-55°C"; VariantName = "[No Variations]"
Add component (AddParameter): Name = "Packaging"; Value = "Tape and Reel"; VariantName = "[No Variations]"
Add component (AddParameter): Name = "Radiation Hardening"; Value = "No"; VariantName = "[No Variations]"
Add component (AddParameter): Name = "REACH SVHC"; Value = "No SVHC"; VariantName = "[No Variations]"
Add component (AddParameter): Name = "Termination"; Value = "SMD/SMT"; VariantName = "[No Variations]"
Add component (AddParameter): Name = "Tolerance"; Value = "10%"; VariantName = "[No Variations]"
Add component (AddParameter): Name = "Voltage"; Value = "25V"; VariantName = "[No Variations]"
Add component (AddParameter): Name = "Voltage Rating"; Value = "25V"; VariantName = "[No Variations]"
Added Component: Designator=C42(CAP0402)
Add component (AddParameter): Name = "Capacitance"; Value = "100nF"; VariantName = "[No Variations]"
Add component (AddParameter): Name = "Case Code (Imperial)"; Value = "0402"; VariantName = "[No Variations]"
Add component (AddParameter): Name = "Case Code (Metric)"; Value = "1005"; VariantName = "[No Variations]"
Add component (AddParameter): Name = "Case/Package"; Value = "0402"; VariantName = "[No Variations]"
Add component (AddParameter): Name = "Composition"; Value = "Ceramic"; VariantName = "[No Variations]"
Add component (AddParameter): Name = "Depth"; Value = "0.5mm"; VariantName = "[No Variations]"
Add component (AddParameter): Name = "Dielectric"; Value = "X7R"; VariantName = "[No Variations]"
Add component (AddParameter): Name = "Dielectric Material"; Value = "Ceramic"; VariantName = "[No Variations]"
Add component (AddParameter): Name = "Dissipation Factor"; Value = "0.025%"; VariantName = "[No Variations]"
Add component (AddParameter): Name = "Height"; Value = "0.5mm"; VariantName = "[No Variations]"
Add component (AddParameter): Name = "Lead Free"; Value = "Lead Free"; VariantName = "[No Variations]"
Add component (AddParameter): Name = "Length"; Value = "1mm"; VariantName = "[No Variations]"
Add component (AddParameter): Name = "Manufacturer 1"; Value = "Murata Electronics"; VariantName = "[No Variations]"
Add component (AddParameter): Name = "Manufacturer Part Number 1"; Value = "GRM155R71H104KE14D"; VariantName = "[No Variations]"
Add component (AddParameter): Name = "Material"; Value = "Ceramic"; VariantName = "[No Variations]"
Add component (AddParameter): Name = "Max Operating Temperature"; Value = "125°C"; VariantName = "[No Variations]"
Add component (AddParameter): Name = "Min Operating Temperature"; Value = "-55°C"; VariantName = "[No Variations]"
Add component (AddParameter): Name = "Mount"; Value = "Surface Mount"; VariantName = "[No Variations]"
Add component (AddParameter): Name = "Package Quantity"; Value = "10000"; VariantName = "[No Variations]"
Add component (AddParameter): Name = "Packaging"; Value = "Tape and Reel"; VariantName = "[No Variations]"
Add component (AddParameter): Name = "REACH SVHC"; Value = "No SVHC"; VariantName = "[No Variations]"
Add component (AddParameter): Name = "Termination"; Value = "SMD/SMT"; VariantName = "[No Variations]"
Add component (AddParameter): Name = "Thickness"; Value = "0.022inch"; VariantName = "[No Variations]"
Add component (AddParameter): Name = "Tolerance"; Value = "10%"; VariantName = "[No Variations]"
Add component (AddParameter): Name = "Voltage"; Value = "50V"; VariantName = "[No Variations]"
Add component (AddParameter): Name = "Voltage Rating"; Value = "50V"; VariantName = "[No Variations]"
Add component (AddParameter): Name = "Voltage Rating (DC)"; Value = "50V"; VariantName = "[No Variations]"
Add component (AddParameter): Name = "Weight"; Value = "0.000212oz"; VariantName = "[No Variations]"
Add component (AddParameter): Name = "Width"; Value = "0.5mm"; VariantName = "[No Variations]"
Added Component: Designator=C43(CAP0402)
Add component (AddParameter): Name = "Capacitance"; Value = "100nF"; VariantName = "[No Variations]"
Add component (AddParameter): Name = "Case Code (Imperial)"; Value = "0402"; VariantName = "[No Variations]"
Add component (AddParameter): Name = "Case Code (Metric)"; Value = "1005"; VariantName = "[No Variations]"
Add component (AddParameter): Name = "Case/Package"; Value = "0402"; VariantName = "[No Variations]"
Add component (AddParameter): Name = "Composition"; Value = "Ceramic"; VariantName = "[No Variations]"
Add component (AddParameter): Name = "Depth"; Value = "0.5mm"; VariantName = "[No Variations]"
Add component (AddParameter): Name = "Dielectric"; Value = "X7R"; VariantName = "[No Variations]"
Add component (AddParameter): Name = "Dielectric Material"; Value = "Ceramic"; VariantName = "[No Variations]"
Add component (AddParameter): Name = "Dissipation Factor"; Value = "0.025%"; VariantName = "[No Variations]"
Add component (AddParameter): Name = "Height"; Value = "0.5mm"; VariantName = "[No Variations]"
Add component (AddParameter): Name = "Lead Free"; Value = "Lead Free"; VariantName = "[No Variations]"
Add component (AddParameter): Name = "Length"; Value = "1mm"; VariantName = "[No Variations]"
Add component (AddParameter): Name = "Manufacturer 1"; Value = "Murata Electronics"; VariantName = "[No Variations]"
Add component (AddParameter): Name = "Manufacturer Part Number 1"; Value = "GRM155R71H104KE14D"; VariantName = "[No Variations]"
Add component (AddParameter): Name = "Material"; Value = "Ceramic"; VariantName = "[No Variations]"
Add component (AddParameter): Name = "Max Operating Temperature"; Value = "125°C"; VariantName = "[No Variations]"
Add component (AddParameter): Name = "Min Operating Temperature"; Value = "-55°C"; VariantName = "[No Variations]"
Add component (AddParameter): Name = "Mount"; Value = "Surface Mount"; VariantName = "[No Variations]"
Add component (AddParameter): Name = "Package Quantity"; Value = "10000"; VariantName = "[No Variations]"
Add component (AddParameter): Name = "Packaging"; Value = "Tape and Reel"; VariantName = "[No Variations]"
Add component (AddParameter): Name = "REACH SVHC"; Value = "No SVHC"; VariantName = "[No Variations]"
Add component (AddParameter): Name = "Termination"; Value = "SMD/SMT"; VariantName = "[No Variations]"
Add component (AddParameter): Name = "Thickness"; Value = "0.022inch"; VariantName = "[No Variations]"
Add component (AddParameter): Name = "Tolerance"; Value = "10%"; VariantName = "[No Variations]"
Add component (AddParameter): Name = "Voltage"; Value = "50V"; VariantName = "[No Variations]"
Add component (AddParameter): Name = "Voltage Rating"; Value = "50V"; VariantName = "[No Variations]"
Add component (AddParameter): Name = "Voltage Rating (DC)"; Value = "50V"; VariantName = "[No Variations]"
Add component (AddParameter): Name = "Weight"; Value = "0.000212oz"; VariantName = "[No Variations]"
Add component (AddParameter): Name = "Width"; Value = "0.5mm"; VariantName = "[No Variations]"
Added Component: Designator=C44(CAP0402)
Add component (AddParameter): Name = "Capacitance"; Value = "100nF"; VariantName = "[No Variations]"
Add component (AddParameter): Name = "Case Code (Imperial)"; Value = "0402"; VariantName = "[No Variations]"
Add component (AddParameter): Name = "Case Code (Metric)"; Value = "1005"; VariantName = "[No Variations]"
Add component (AddParameter): Name = "Case/Package"; Value = "0402"; VariantName = "[No Variations]"
Add component (AddParameter): Name = "Composition"; Value = "Ceramic"; VariantName = "[No Variations]"
Add component (AddParameter): Name = "Depth"; Value = "0.5mm"; VariantName = "[No Variations]"
Add component (AddParameter): Name = "Dielectric"; Value = "X7R"; VariantName = "[No Variations]"
Add component (AddParameter): Name = "Dielectric Material"; Value = "Ceramic"; VariantName = "[No Variations]"
Add component (AddParameter): Name = "Dissipation Factor"; Value = "0.025%"; VariantName = "[No Variations]"
Add component (AddParameter): Name = "Height"; Value = "0.5mm"; VariantName = "[No Variations]"
Add component (AddParameter): Name = "Lead Free"; Value = "Lead Free"; VariantName = "[No Variations]"
Add component (AddParameter): Name = "Length"; Value = "1mm"; VariantName = "[No Variations]"
Add component (AddParameter): Name = "Manufacturer 1"; Value = "Murata Electronics"; VariantName = "[No Variations]"
Add component (AddParameter): Name = "Manufacturer Part Number 1"; Value = "GRM155R71H104KE14D"; VariantName = "[No Variations]"
Add component (AddParameter): Name = "Material"; Value = "Ceramic"; VariantName = "[No Variations]"
Add component (AddParameter): Name = "Max Operating Temperature"; Value = "125°C"; VariantName = "[No Variations]"
Add component (AddParameter): Name = "Min Operating Temperature"; Value = "-55°C"; VariantName = "[No Variations]"
Add component (AddParameter): Name = "Mount"; Value = "Surface Mount"; VariantName = "[No Variations]"
Add component (AddParameter): Name = "Package Quantity"; Value = "10000"; VariantName = "[No Variations]"
Add component (AddParameter): Name = "Packaging"; Value = "Tape and Reel"; VariantName = "[No Variations]"
Add component (AddParameter): Name = "REACH SVHC"; Value = "No SVHC"; VariantName = "[No Variations]"
Add component (AddParameter): Name = "Termination"; Value = "SMD/SMT"; VariantName = "[No Variations]"
Add component (AddParameter): Name = "Thickness"; Value = "0.022inch"; VariantName = "[No Variations]"
Add component (AddParameter): Name = "Tolerance"; Value = "10%"; VariantName = "[No Variations]"
Add component (AddParameter): Name = "Voltage"; Value = "50V"; VariantName = "[No Variations]"
Add component (AddParameter): Name = "Voltage Rating"; Value = "50V"; VariantName = "[No Variations]"
Add component (AddParameter): Name = "Voltage Rating (DC)"; Value = "50V"; VariantName = "[No Variations]"
Add component (AddParameter): Name = "Weight"; Value = "0.000212oz"; VariantName = "[No Variations]"
Add component (AddParameter): Name = "Width"; Value = "0.5mm"; VariantName = "[No Variations]"
Added Component: Designator=C45(CAP0402)
Add component (AddParameter): Name = "Capacitance"; Value = "100nF"; VariantName = "[No Variations]"
Add component (AddParameter): Name = "Case Code (Imperial)"; Value = "0402"; VariantName = "[No Variations]"
Add component (AddParameter): Name = "Case Code (Metric)"; Value = "1005"; VariantName = "[No Variations]"
Add component (AddParameter): Name = "Case/Package"; Value = "0402"; VariantName = "[No Variations]"
Add component (AddParameter): Name = "Composition"; Value = "Ceramic"; VariantName = "[No Variations]"
Add component (AddParameter): Name = "Depth"; Value = "0.5mm"; VariantName = "[No Variations]"
Add component (AddParameter): Name = "Dielectric"; Value = "X7R"; VariantName = "[No Variations]"
Add component (AddParameter): Name = "Dielectric Material"; Value = "Ceramic"; VariantName = "[No Variations]"
Add component (AddParameter): Name = "Dissipation Factor"; Value = "0.025%"; VariantName = "[No Variations]"
Add component (AddParameter): Name = "Height"; Value = "0.5mm"; VariantName = "[No Variations]"
Add component (AddParameter): Name = "Lead Free"; Value = "Lead Free"; VariantName = "[No Variations]"
Add component (AddParameter): Name = "Length"; Value = "1mm"; VariantName = "[No Variations]"
Add component (AddParameter): Name = "Manufacturer 1"; Value = "Murata Electronics"; VariantName = "[No Variations]"
Add component (AddParameter): Name = "Manufacturer Part Number 1"; Value = "GRM155R71H104KE14D"; VariantName = "[No Variations]"
Add component (AddParameter): Name = "Material"; Value = "Ceramic"; VariantName = "[No Variations]"
Add component (AddParameter): Name = "Max Operating Temperature"; Value = "125°C"; VariantName = "[No Variations]"
Add component (AddParameter): Name = "Min Operating Temperature"; Value = "-55°C"; VariantName = "[No Variations]"
Add component (AddParameter): Name = "Mount"; Value = "Surface Mount"; VariantName = "[No Variations]"
Add component (AddParameter): Name = "Package Quantity"; Value = "10000"; VariantName = "[No Variations]"
Add component (AddParameter): Name = "Packaging"; Value = "Tape and Reel"; VariantName = "[No Variations]"
Add component (AddParameter): Name = "REACH SVHC"; Value = "No SVHC"; VariantName = "[No Variations]"
Add component (AddParameter): Name = "Termination"; Value = "SMD/SMT"; VariantName = "[No Variations]"
Add component (AddParameter): Name = "Thickness"; Value = "0.022inch"; VariantName = "[No Variations]"
Add component (AddParameter): Name = "Tolerance"; Value = "10%"; VariantName = "[No Variations]"
Add component (AddParameter): Name = "Voltage"; Value = "50V"; VariantName = "[No Variations]"
Add component (AddParameter): Name = "Voltage Rating"; Value = "50V"; VariantName = "[No Variations]"
Add component (AddParameter): Name = "Voltage Rating (DC)"; Value = "50V"; VariantName = "[No Variations]"
Add component (AddParameter): Name = "Weight"; Value = "0.000212oz"; VariantName = "[No Variations]"
Add component (AddParameter): Name = "Width"; Value = "0.5mm"; VariantName = "[No Variations]"
Added Component: Designator=C46(CAP0402)
Add component (AddParameter): Name = "Capacitance"; Value = "1uF"; VariantName = "[No Variations]"
Add component (AddParameter): Name = "Case Code (Imperial)"; Value = "0402"; VariantName = "[No Variations]"
Add component (AddParameter): Name = "Case Code (Metric)"; Value = "1005"; VariantName = "[No Variations]"
Add component (AddParameter): Name = "Case/Package"; Value = "0402"; VariantName = "[No Variations]"
Add component (AddParameter): Name = "Depth"; Value = "0.5mm"; VariantName = "[No Variations]"
Add component (AddParameter): Name = "Dielectric"; Value = "X5R"; VariantName = "[No Variations]"
Add component (AddParameter): Name = "Length"; Value = "1mm"; VariantName = "[No Variations]"
Add component (AddParameter): Name = "Manufacturer 1"; Value = "TDK Corporation"; VariantName = "[No Variations]"
Add component (AddParameter): Name = "Manufacturer Part Number 1"; Value = "CC0402KRX5R8BB105"; VariantName = "[No Variations]"
Add component (AddParameter): Name = "Max Operating Temperature"; Value = "85°C"; VariantName = "[No Variations]"
Add component (AddParameter): Name = "Min Operating Temperature"; Value = "-55°C"; VariantName = "[No Variations]"
Add component (AddParameter): Name = "Packaging"; Value = "Tape and Reel"; VariantName = "[No Variations]"
Add component (AddParameter): Name = "Radiation Hardening"; Value = "No"; VariantName = "[No Variations]"
Add component (AddParameter): Name = "REACH SVHC"; Value = "No SVHC"; VariantName = "[No Variations]"
Add component (AddParameter): Name = "Termination"; Value = "SMD/SMT"; VariantName = "[No Variations]"
Add component (AddParameter): Name = "Tolerance"; Value = "10%"; VariantName = "[No Variations]"
Add component (AddParameter): Name = "Voltage"; Value = "25V"; VariantName = "[No Variations]"
Add component (AddParameter): Name = "Voltage Rating"; Value = "25V"; VariantName = "[No Variations]"
Added Component: Designator=C47(CAP0402)
Add component (AddParameter): Name = "Capacitance"; Value = "100nF"; VariantName = "[No Variations]"
Add component (AddParameter): Name = "Case Code (Imperial)"; Value = "0402"; VariantName = "[No Variations]"
Add component (AddParameter): Name = "Case Code (Metric)"; Value = "1005"; VariantName = "[No Variations]"
Add component (AddParameter): Name = "Case/Package"; Value = "0402"; VariantName = "[No Variations]"
Add component (AddParameter): Name = "Composition"; Value = "Ceramic"; VariantName = "[No Variations]"
Add component (AddParameter): Name = "Depth"; Value = "0.5mm"; VariantName = "[No Variations]"
Add component (AddParameter): Name = "Dielectric"; Value = "X7R"; VariantName = "[No Variations]"
Add component (AddParameter): Name = "Dielectric Material"; Value = "Ceramic"; VariantName = "[No Variations]"
Add component (AddParameter): Name = "Dissipation Factor"; Value = "0.025%"; VariantName = "[No Variations]"
Add component (AddParameter): Name = "Height"; Value = "0.5mm"; VariantName = "[No Variations]"
Add component (AddParameter): Name = "Lead Free"; Value = "Lead Free"; VariantName = "[No Variations]"
Add component (AddParameter): Name = "Length"; Value = "1mm"; VariantName = "[No Variations]"
Add component (AddParameter): Name = "Manufacturer 1"; Value = "Murata Electronics"; VariantName = "[No Variations]"
Add component (AddParameter): Name = "Manufacturer Part Number 1"; Value = "GRM155R71H104KE14D"; VariantName = "[No Variations]"
Add component (AddParameter): Name = "Material"; Value = "Ceramic"; VariantName = "[No Variations]"
Add component (AddParameter): Name = "Max Operating Temperature"; Value = "125°C"; VariantName = "[No Variations]"
Add component (AddParameter): Name = "Min Operating Temperature"; Value = "-55°C"; VariantName = "[No Variations]"
Add component (AddParameter): Name = "Mount"; Value = "Surface Mount"; VariantName = "[No Variations]"
Add component (AddParameter): Name = "Package Quantity"; Value = "10000"; VariantName = "[No Variations]"
Add component (AddParameter): Name = "Packaging"; Value = "Tape and Reel"; VariantName = "[No Variations]"
Add component (AddParameter): Name = "REACH SVHC"; Value = "No SVHC"; VariantName = "[No Variations]"
Add component (AddParameter): Name = "Termination"; Value = "SMD/SMT"; VariantName = "[No Variations]"
Add component (AddParameter): Name = "Thickness"; Value = "0.022inch"; VariantName = "[No Variations]"
Add component (AddParameter): Name = "Tolerance"; Value = "10%"; VariantName = "[No Variations]"
Add component (AddParameter): Name = "Voltage"; Value = "50V"; VariantName = "[No Variations]"
Add component (AddParameter): Name = "Voltage Rating"; Value = "50V"; VariantName = "[No Variations]"
Add component (AddParameter): Name = "Voltage Rating (DC)"; Value = "50V"; VariantName = "[No Variations]"
Add component (AddParameter): Name = "Weight"; Value = "0.000212oz"; VariantName = "[No Variations]"
Add component (AddParameter): Name = "Width"; Value = "0.5mm"; VariantName = "[No Variations]"
Added Component: Designator=C48(CAP0402)
Add component (AddParameter): Name = "Capacitance"; Value = "100nF"; VariantName = "[No Variations]"
Add component (AddParameter): Name = "Case Code (Imperial)"; Value = "0402"; VariantName = "[No Variations]"
Add component (AddParameter): Name = "Case Code (Metric)"; Value = "1005"; VariantName = "[No Variations]"
Add component (AddParameter): Name = "Case/Package"; Value = "0402"; VariantName = "[No Variations]"
Add component (AddParameter): Name = "Composition"; Value = "Ceramic"; VariantName = "[No Variations]"
Add component (AddParameter): Name = "Depth"; Value = "0.5mm"; VariantName = "[No Variations]"
Add component (AddParameter): Name = "Dielectric"; Value = "X7R"; VariantName = "[No Variations]"
Add component (AddParameter): Name = "Dielectric Material"; Value = "Ceramic"; VariantName = "[No Variations]"
Add component (AddParameter): Name = "Dissipation Factor"; Value = "0.025%"; VariantName = "[No Variations]"
Add component (AddParameter): Name = "Height"; Value = "0.5mm"; VariantName = "[No Variations]"
Add component (AddParameter): Name = "Lead Free"; Value = "Lead Free"; VariantName = "[No Variations]"
Add component (AddParameter): Name = "Length"; Value = "1mm"; VariantName = "[No Variations]"
Add component (AddParameter): Name = "Manufacturer 1"; Value = "Murata Electronics"; VariantName = "[No Variations]"
Add component (AddParameter): Name = "Manufacturer Part Number 1"; Value = "GRM155R71H104KE14D"; VariantName = "[No Variations]"
Add component (AddParameter): Name = "Material"; Value = "Ceramic"; VariantName = "[No Variations]"
Add component (AddParameter): Name = "Max Operating Temperature"; Value = "125°C"; VariantName = "[No Variations]"
Add component (AddParameter): Name = "Min Operating Temperature"; Value = "-55°C"; VariantName = "[No Variations]"
Add component (AddParameter): Name = "Mount"; Value = "Surface Mount"; VariantName = "[No Variations]"
Add component (AddParameter): Name = "Package Quantity"; Value = "10000"; VariantName = "[No Variations]"
Add component (AddParameter): Name = "Packaging"; Value = "Tape and Reel"; VariantName = "[No Variations]"
Add component (AddParameter): Name = "REACH SVHC"; Value = "No SVHC"; VariantName = "[No Variations]"
Add component (AddParameter): Name = "Termination"; Value = "SMD/SMT"; VariantName = "[No Variations]"
Add component (AddParameter): Name = "Thickness"; Value = "0.022inch"; VariantName = "[No Variations]"
Add component (AddParameter): Name = "Tolerance"; Value = "10%"; VariantName = "[No Variations]"
Add component (AddParameter): Name = "Voltage"; Value = "50V"; VariantName = "[No Variations]"
Add component (AddParameter): Name = "Voltage Rating"; Value = "50V"; VariantName = "[No Variations]"
Add component (AddParameter): Name = "Voltage Rating (DC)"; Value = "50V"; VariantName = "[No Variations]"
Add component (AddParameter): Name = "Weight"; Value = "0.000212oz"; VariantName = "[No Variations]"
Add component (AddParameter): Name = "Width"; Value = "0.5mm"; VariantName = "[No Variations]"
Added Component: Designator=C49(CAP0402)
Add component (AddParameter): Name = "Capacitance"; Value = "100nF"; VariantName = "[No Variations]"
Add component (AddParameter): Name = "Case Code (Imperial)"; Value = "0402"; VariantName = "[No Variations]"
Add component (AddParameter): Name = "Case Code (Metric)"; Value = "1005"; VariantName = "[No Variations]"
Add component (AddParameter): Name = "Case/Package"; Value = "0402"; VariantName = "[No Variations]"
Add component (AddParameter): Name = "Composition"; Value = "Ceramic"; VariantName = "[No Variations]"
Add component (AddParameter): Name = "Depth"; Value = "0.5mm"; VariantName = "[No Variations]"
Add component (AddParameter): Name = "Dielectric"; Value = "X7R"; VariantName = "[No Variations]"
Add component (AddParameter): Name = "Dielectric Material"; Value = "Ceramic"; VariantName = "[No Variations]"
Add component (AddParameter): Name = "Dissipation Factor"; Value = "0.025%"; VariantName = "[No Variations]"
Add component (AddParameter): Name = "Height"; Value = "0.5mm"; VariantName = "[No Variations]"
Add component (AddParameter): Name = "Lead Free"; Value = "Lead Free"; VariantName = "[No Variations]"
Add component (AddParameter): Name = "Length"; Value = "1mm"; VariantName = "[No Variations]"
Add component (AddParameter): Name = "Manufacturer 1"; Value = "Murata Electronics"; VariantName = "[No Variations]"
Add component (AddParameter): Name = "Manufacturer Part Number 1"; Value = "GRM155R71H104KE14D"; VariantName = "[No Variations]"
Add component (AddParameter): Name = "Material"; Value = "Ceramic"; VariantName = "[No Variations]"
Add component (AddParameter): Name = "Max Operating Temperature"; Value = "125°C"; VariantName = "[No Variations]"
Add component (AddParameter): Name = "Min Operating Temperature"; Value = "-55°C"; VariantName = "[No Variations]"
Add component (AddParameter): Name = "Mount"; Value = "Surface Mount"; VariantName = "[No Variations]"
Add component (AddParameter): Name = "Package Quantity"; Value = "10000"; VariantName = "[No Variations]"
Add component (AddParameter): Name = "Packaging"; Value = "Tape and Reel"; VariantName = "[No Variations]"
Add component (AddParameter): Name = "REACH SVHC"; Value = "No SVHC"; VariantName = "[No Variations]"
Add component (AddParameter): Name = "Termination"; Value = "SMD/SMT"; VariantName = "[No Variations]"
Add component (AddParameter): Name = "Thickness"; Value = "0.022inch"; VariantName = "[No Variations]"
Add component (AddParameter): Name = "Tolerance"; Value = "10%"; VariantName = "[No Variations]"
Add component (AddParameter): Name = "Voltage"; Value = "50V"; VariantName = "[No Variations]"
Add component (AddParameter): Name = "Voltage Rating"; Value = "50V"; VariantName = "[No Variations]"
Add component (AddParameter): Name = "Voltage Rating (DC)"; Value = "50V"; VariantName = "[No Variations]"
Add component (AddParameter): Name = "Weight"; Value = "0.000212oz"; VariantName = "[No Variations]"
Add component (AddParameter): Name = "Width"; Value = "0.5mm"; VariantName = "[No Variations]"
Added Component: Designator=D1(LED0603 GREEN)
Add component (AddParameter): Name = "Case Code (Imperial)"; Value = "0603"; VariantName = "[No Variations]"
Add component (AddParameter): Name = "Case Code (Metric)"; Value = "1608"; VariantName = "[No Variations]"
Add component (AddParameter): Name = "Case/Package"; Value = "0603"; VariantName = "[No Variations]"
Add component (AddParameter): Name = "Color"; Value = "Green,Yellow"; VariantName = "[No Variations]"
Add component (AddParameter): Name = "Dominant Wavelength"; Value = "570nm"; VariantName = "[No Variations]"
Add component (AddParameter): Name = "Forward Current"; Value = "20mA"; VariantName = "[No Variations]"
Add component (AddParameter): Name = "Forward Voltage"; Value = "2.2V"; VariantName = "[No Variations]"
Add component (AddParameter): Name = "Height"; Value = "0.9mm"; VariantName = "[No Variations]"
Add component (AddParameter): Name = "Illumination Color"; Value = "Green"; VariantName = "[No Variations]"
Add component (AddParameter): Name = "Lead Free"; Value = "Lead Free"; VariantName = "[No Variations]"
Add component (AddParameter): Name = "Length"; Value = "1.6mm"; VariantName = "[No Variations]"
Add component (AddParameter): Name = "Lens Color"; Value = "Colorless,Clear"; VariantName = "[No Variations]"
Add component (AddParameter): Name = "Lens Style"; Value = "Rectangular,Clear,Diffused,Colorless"; VariantName = "[No Variations]"
Add component (AddParameter): Name = "Lens Transparency"; Value = "Clear"; VariantName = "[No Variations]"
Add component (AddParameter): Name = "Luminous Intensity"; Value = "16mcd"; VariantName = "[No Variations]"
Add component (AddParameter): Name = "Manufacturer 1"; Value = "Rohm Semiconductor"; VariantName = "[No Variations]"
Add component (AddParameter): Name = "Manufacturer Part Number 1"; Value = "SML-310MTT86"; VariantName = "[No Variations]"
Add component (AddParameter): Name = "Max Operating Temperature"; Value = "85°C"; VariantName = "[No Variations]"
Add component (AddParameter): Name = "Min Operating Temperature"; Value = "-30°C"; VariantName = "[No Variations]"
Add component (AddParameter): Name = "Mount"; Value = "Surface Mount"; VariantName = "[No Variations]"
Add component (AddParameter): Name = "Number of LEDs"; Value = "1"; VariantName = "[No Variations]"
Add component (AddParameter): Name = "Number of Pins"; Value = "2"; VariantName = "[No Variations]"
Add component (AddParameter): Name = "Package Quantity"; Value = "3000"; VariantName = "[No Variations]"
Add component (AddParameter): Name = "Packaging"; Value = "Tape and Reel"; VariantName = "[No Variations]"
Add component (AddParameter): Name = "Radiation Hardening"; Value = "No"; VariantName = "[No Variations]"
Add component (AddParameter): Name = "Test Current"; Value = "20mA"; VariantName = "[No Variations]"
Add component (AddParameter): Name = "Viewing Angle"; Value = "140°"; VariantName = "[No Variations]"
Add component (AddParameter): Name = "Wavelength"; Value = "570nm"; VariantName = "[No Variations]"
Add component (AddParameter): Name = "Width"; Value = "0.8mm"; VariantName = "[No Variations]"
Added Component: Designator=D2(LED0603 GREEN)
Add component (AddParameter): Name = "Case Code (Imperial)"; Value = "0603"; VariantName = "[No Variations]"
Add component (AddParameter): Name = "Case Code (Metric)"; Value = "1608"; VariantName = "[No Variations]"
Add component (AddParameter): Name = "Case/Package"; Value = "0603"; VariantName = "[No Variations]"
Add component (AddParameter): Name = "Color"; Value = "Green,Yellow"; VariantName = "[No Variations]"
Add component (AddParameter): Name = "Dominant Wavelength"; Value = "570nm"; VariantName = "[No Variations]"
Add component (AddParameter): Name = "Forward Current"; Value = "20mA"; VariantName = "[No Variations]"
Add component (AddParameter): Name = "Forward Voltage"; Value = "2.2V"; VariantName = "[No Variations]"
Add component (AddParameter): Name = "Height"; Value = "0.9mm"; VariantName = "[No Variations]"
Add component (AddParameter): Name = "Illumination Color"; Value = "Green"; VariantName = "[No Variations]"
Add component (AddParameter): Name = "Lead Free"; Value = "Lead Free"; VariantName = "[No Variations]"
Add component (AddParameter): Name = "Length"; Value = "1.6mm"; VariantName = "[No Variations]"
Add component (AddParameter): Name = "Lens Color"; Value = "Colorless,Clear"; VariantName = "[No Variations]"
Add component (AddParameter): Name = "Lens Style"; Value = "Rectangular,Clear,Diffused,Colorless"; VariantName = "[No Variations]"
Add component (AddParameter): Name = "Lens Transparency"; Value = "Clear"; VariantName = "[No Variations]"
Add component (AddParameter): Name = "Luminous Intensity"; Value = "16mcd"; VariantName = "[No Variations]"
Add component (AddParameter): Name = "Manufacturer 1"; Value = "Rohm Semiconductor"; VariantName = "[No Variations]"
Add component (AddParameter): Name = "Manufacturer Part Number 1"; Value = "SML-310MTT86"; VariantName = "[No Variations]"
Add component (AddParameter): Name = "Max Operating Temperature"; Value = "85°C"; VariantName = "[No Variations]"
Add component (AddParameter): Name = "Min Operating Temperature"; Value = "-30°C"; VariantName = "[No Variations]"
Add component (AddParameter): Name = "Mount"; Value = "Surface Mount"; VariantName = "[No Variations]"
Add component (AddParameter): Name = "Number of LEDs"; Value = "1"; VariantName = "[No Variations]"
Add component (AddParameter): Name = "Number of Pins"; Value = "2"; VariantName = "[No Variations]"
Add component (AddParameter): Name = "Package Quantity"; Value = "3000"; VariantName = "[No Variations]"
Add component (AddParameter): Name = "Packaging"; Value = "Tape and Reel"; VariantName = "[No Variations]"
Add component (AddParameter): Name = "Radiation Hardening"; Value = "No"; VariantName = "[No Variations]"
Add component (AddParameter): Name = "Test Current"; Value = "20mA"; VariantName = "[No Variations]"
Add component (AddParameter): Name = "Viewing Angle"; Value = "140°"; VariantName = "[No Variations]"
Add component (AddParameter): Name = "Wavelength"; Value = "570nm"; VariantName = "[No Variations]"
Add component (AddParameter): Name = "Width"; Value = "0.8mm"; VariantName = "[No Variations]"
Added Component: Designator=FB1(FERRIT0402)
Add component (AddParameter): Name = "Current Rating (Max)"; Value = "2A"; VariantName = "[No Variations]"
Add component (AddParameter): Name = "DC Resistance (DCR) (Max)"; Value = "55mOhm"; VariantName = "[No Variations]"
Add component (AddParameter): Name = "Impedance @ Frequency"; Value = "120 Ohms @ 100 MHz"; VariantName = "[No Variations]"
Add component (AddParameter): Name = "MP"; Value = "BLM15PX121SZ1D"; VariantName = "[No Variations]"
Added Component: Designator=J1(ESC PAD 3X4)
Added Component: Designator=J2(ESC PAD 3X4)
Added Component: Designator=L1(SRN3012BTA-100M)
Add component (AddParameter): Name = "Datasheet Link"; Value = "https://www.bourns.com/docs/Product-Datasheets/SRN3012BTA.pdf"; VariantName = "[No Variations]"
Add component (AddParameter): Name = "Geometry.Height"; Value = "1.2mm"; VariantName = "[No Variations]"
Add component (AddParameter): Name = "Manufacturer_Name"; Value = "Bourns"; VariantName = "[No Variations]"
Add component (AddParameter): Name = "Manufacturer_Part_Number"; Value = "SRN3012BTA-100M"; VariantName = "[No Variations]"
Add component (AddParameter): Name = "Mouser Part Number"; Value = "SRN3012BTA-100M"; VariantName = "[No Variations]"
Add component (AddParameter): Name = "Mouser Price/Stock"; Value = "https://www.mouser.co.uk/ProductDetail/Bourns/SRN3012BTA-330M?qs=Imq1NPwxi74rPoSZ4PPaRw%3D%3D"; VariantName = "[No Variations]"
Added Component: Designator=P1(XSXL52)
Added Component: Designator=P2(XSXL52)
Added Component: Designator=R1(RES0402)
Add component (AddParameter): Name = "MP"; Value = "RC0402JR-074K7L"; VariantName = "[No Variations]"
Add component (AddParameter): Name = "Value"; Value = "4K7"; VariantName = "[No Variations]"
Added Component: Designator=R11(RES0402)
Add component (AddParameter): Name = "MP"; Value = "RC0402JR-074K7L"; VariantName = "[No Variations]"
Add component (AddParameter): Name = "Value"; Value = "4K7"; VariantName = "[No Variations]"
Added Component: Designator=R12(RES0402)
Add component (AddParameter): Name = "Case Code (Imperial)"; Value = "0402"; VariantName = "[No Variations]"
Add component (AddParameter): Name = "Case Code (Metric)"; Value = "1005"; VariantName = "[No Variations]"
Add component (AddParameter): Name = "Case/Package"; Value = "0402"; VariantName = "[No Variations]"
Add component (AddParameter): Name = "Composition"; Value = "Thick Film"; VariantName = "[No Variations]"
Add component (AddParameter): Name = "Depth"; Value = "0.5mm"; VariantName = "[No Variations]"
Add component (AddParameter): Name = "Features"; Value = "Moisture Resistant"; VariantName = "[No Variations]"
Add component (AddParameter): Name = "Height"; Value = "0.016inch"; VariantName = "[No Variations]"
Add component (AddParameter): Name = "Lead Free"; Value = "Lead Free"; VariantName = "[No Variations]"
Add component (AddParameter): Name = "Length"; Value = "1mm"; VariantName = "[No Variations]"
Add component (AddParameter): Name = "Manufacturer"; Value = "Yageo"; VariantName = "[No Variations]"
Add component (AddParameter): Name = "Manufacturer 1"; Value = "Yageo"; VariantName = "[No Variations]"
Add component (AddParameter): Name = "Manufacturer Part Number"; Value = "RC0402FR-07511KL"; VariantName = "[No Variations]"
Add component (AddParameter): Name = "Manufacturer Part Number 1"; Value = "RC0402FR-07511KL"; VariantName = "[No Variations]"
Add component (AddParameter): Name = "Max Operating Temperature"; Value = "155°C"; VariantName = "[No Variations]"
Add component (AddParameter): Name = "Max Power Dissipation"; Value = "63mW"; VariantName = "[No Variations]"
Add component (AddParameter): Name = "Military Standard"; Value = "Not"; VariantName = "[No Variations]"
Add component (AddParameter): Name = "Min Operating Temperature"; Value = "-55°C"; VariantName = "[No Variations]"
Add component (AddParameter): Name = "Number of Terminations"; Value = "2"; VariantName = "[No Variations]"
Add component (AddParameter): Name = "Package Quantity"; Value = "1"; VariantName = "[No Variations]"
Add component (AddParameter): Name = "Packaging"; Value = "Tape and Reel"; VariantName = "[No Variations]"
Add component (AddParameter): Name = "Power Rating"; Value = "62.5mW"; VariantName = "[No Variations]"
Add component (AddParameter): Name = "Resistance"; Value = "511K"; VariantName = "[No Variations]"
Add component (AddParameter): Name = "Temperature Coefficient"; Value = "100ppm/°C"; VariantName = "[No Variations]"
Add component (AddParameter): Name = "Termination"; Value = "SMD/SMT"; VariantName = "[No Variations]"
Add component (AddParameter): Name = "Tolerance"; Value = "1%"; VariantName = "[No Variations]"
Add component (AddParameter): Name = "Voltage Rating"; Value = "50V"; VariantName = "[No Variations]"
Add component (AddParameter): Name = "Voltage Rating (DC)"; Value = "50V"; VariantName = "[No Variations]"
Add component (AddParameter): Name = "Width"; Value = "0.02inch"; VariantName = "[No Variations]"
Add component (AddParameter): Name = "Working Voltage"; Value = "50V"; VariantName = "[No Variations]"
Added Component: Designator=R13(RES0402)
Add component (AddParameter): Name = "Case Code (Imperial)"; Value = "0402"; VariantName = "[No Variations]"
Add component (AddParameter): Name = "Case Code (Metric)"; Value = "1005"; VariantName = "[No Variations]"
Add component (AddParameter): Name = "Case/Package"; Value = "0402"; VariantName = "[No Variations]"
Add component (AddParameter): Name = "Composition"; Value = "Thick Film"; VariantName = "[No Variations]"
Add component (AddParameter): Name = "Depth"; Value = "0.5mm"; VariantName = "[No Variations]"
Add component (AddParameter): Name = "Features"; Value = "Moisture Resistant"; VariantName = "[No Variations]"
Add component (AddParameter): Name = "Height"; Value = "0.016inch"; VariantName = "[No Variations]"
Add component (AddParameter): Name = "Lead Free"; Value = "Lead Free"; VariantName = "[No Variations]"
Add component (AddParameter): Name = "Length"; Value = "1mm"; VariantName = "[No Variations]"
Add component (AddParameter): Name = "Manufacturer"; Value = "Yageo"; VariantName = "[No Variations]"
Add component (AddParameter): Name = "Manufacturer 1"; Value = "Yageo"; VariantName = "[No Variations]"
Add component (AddParameter): Name = "Manufacturer Part Number"; Value = "RC0402FR-0749R9L"; VariantName = "[No Variations]"
Add component (AddParameter): Name = "Manufacturer Part Number 1"; Value = "RC0402FR-0749R9L"; VariantName = "[No Variations]"
Add component (AddParameter): Name = "Max Operating Temperature"; Value = "155°C"; VariantName = "[No Variations]"
Add component (AddParameter): Name = "Max Power Dissipation"; Value = "63mW"; VariantName = "[No Variations]"
Add component (AddParameter): Name = "Military Standard"; Value = "Not"; VariantName = "[No Variations]"
Add component (AddParameter): Name = "Min Operating Temperature"; Value = "-55°C"; VariantName = "[No Variations]"
Add component (AddParameter): Name = "Number of Terminations"; Value = "2"; VariantName = "[No Variations]"
Add component (AddParameter): Name = "Package Quantity"; Value = "1"; VariantName = "[No Variations]"
Add component (AddParameter): Name = "Packaging"; Value = "Tape and Reel"; VariantName = "[No Variations]"
Add component (AddParameter): Name = "Power Rating"; Value = "62.5mW"; VariantName = "[No Variations]"
Add component (AddParameter): Name = "Resistance"; Value = "49.9R"; VariantName = "[No Variations]"
Add component (AddParameter): Name = "Temperature Coefficient"; Value = "100ppm/°C"; VariantName = "[No Variations]"
Add component (AddParameter): Name = "Termination"; Value = "SMD/SMT"; VariantName = "[No Variations]"
Add component (AddParameter): Name = "Tolerance"; Value = "1%"; VariantName = "[No Variations]"
Add component (AddParameter): Name = "Voltage Rating"; Value = "50V"; VariantName = "[No Variations]"
Add component (AddParameter): Name = "Voltage Rating (DC)"; Value = "50V"; VariantName = "[No Variations]"
Add component (AddParameter): Name = "Width"; Value = "0.02inch"; VariantName = "[No Variations]"
Add component (AddParameter): Name = "Working Voltage"; Value = "50V"; VariantName = "[No Variations]"
Added Component: Designator=R14(RES0402)
Add component (AddParameter): Name = "Case Code (Imperial)"; Value = "0402"; VariantName = "[No Variations]"
Add component (AddParameter): Name = "Case Code (Metric)"; Value = "1005"; VariantName = "[No Variations]"
Add component (AddParameter): Name = "Case/Package"; Value = "0402"; VariantName = "[No Variations]"
Add component (AddParameter): Name = "Composition"; Value = "Thick Film"; VariantName = "[No Variations]"
Add component (AddParameter): Name = "Depth"; Value = "0.5mm"; VariantName = "[No Variations]"
Add component (AddParameter): Name = "Features"; Value = "Moisture Resistant"; VariantName = "[No Variations]"
Add component (AddParameter): Name = "Height"; Value = "0.016inch"; VariantName = "[No Variations]"
Add component (AddParameter): Name = "Lead Free"; Value = "Lead Free"; VariantName = "[No Variations]"
Add component (AddParameter): Name = "Length"; Value = "1mm"; VariantName = "[No Variations]"
Add component (AddParameter): Name = "Manufacturer"; Value = "Yageo"; VariantName = "[No Variations]"
Add component (AddParameter): Name = "Manufacturer 1"; Value = "Yageo"; VariantName = "[No Variations]"
Add component (AddParameter): Name = "Manufacturer Part Number"; Value = "RC0402FR-07105KL"; VariantName = "[No Variations]"
Add component (AddParameter): Name = "Manufacturer Part Number 1"; Value = "RC0402FR-07105KL"; VariantName = "[No Variations]"
Add component (AddParameter): Name = "Max Operating Temperature"; Value = "155°C"; VariantName = "[No Variations]"
Add component (AddParameter): Name = "Max Power Dissipation"; Value = "63mW"; VariantName = "[No Variations]"
Add component (AddParameter): Name = "Military Standard"; Value = "Not"; VariantName = "[No Variations]"
Add component (AddParameter): Name = "Min Operating Temperature"; Value = "-55°C"; VariantName = "[No Variations]"
Add component (AddParameter): Name = "Number of Terminations"; Value = "2"; VariantName = "[No Variations]"
Add component (AddParameter): Name = "Package Quantity"; Value = "1"; VariantName = "[No Variations]"
Add component (AddParameter): Name = "Packaging"; Value = "Tape and Reel"; VariantName = "[No Variations]"
Add component (AddParameter): Name = "Power Rating"; Value = "62.5mW"; VariantName = "[No Variations]"
Add component (AddParameter): Name = "Resistance"; Value = "105K"; VariantName = "[No Variations]"
Add component (AddParameter): Name = "Temperature Coefficient"; Value = "100ppm/°C"; VariantName = "[No Variations]"
Add component (AddParameter): Name = "Termination"; Value = "SMD/SMT"; VariantName = "[No Variations]"
Add component (AddParameter): Name = "Tolerance"; Value = "1%"; VariantName = "[No Variations]"
Add component (AddParameter): Name = "Voltage Rating"; Value = "50V"; VariantName = "[No Variations]"
Add component (AddParameter): Name = "Voltage Rating (DC)"; Value = "50V"; VariantName = "[No Variations]"
Add component (AddParameter): Name = "Width"; Value = "0.02inch"; VariantName = "[No Variations]"
Add component (AddParameter): Name = "Working Voltage"; Value = "50V"; VariantName = "[No Variations]"
Added Component: Designator=R17(RES0402)
Add component (AddParameter): Name = "MP"; Value = "RC0402FR-0710KL"; VariantName = "[No Variations]"
Add component (AddParameter): Name = "Value"; Value = "10K"; VariantName = "[No Variations]"
Added Component: Designator=U1(UFBGA169)
Add component (AddParameter): Name = "Copyright"; Value = "Copyright (C) 2026 Ultra Librarian. All rights reserved."; VariantName = "[No Variations]"
Add component (AddParameter): Name = "Manufacturer_Name"; Value = "STMicroelectronics"; VariantName = "[No Variations]"
Add component (AddParameter): Name = "Manufacturer_Part_Number"; Value = "STM32H747AII6"; VariantName = "[No Variations]"
Add component (AddParameter): Name = "RefDes"; Value = "RefDes"; VariantName = "[No Variations]"
Add component (AddParameter): Name = "Type"; Value = "Type"; VariantName = "[No Variations]"
Added Component: Designator=U2(SOT95P280X110-6N - duplicate1)
Add component (AddParameter): Name = "Availability"; Value = "In Stock"; VariantName = "[No Variations]"
Add component (AddParameter): Name = "Check_prices"; Value = "https://www.snapeda.com/parts/TPS54302DDCR/Texas+Instruments/view-part/?ref=eda"; VariantName = "[No Variations]"
Add component (AddParameter): Name = "MF"; Value = "Texas Instruments"; VariantName = "[No Variations]"
Add component (AddParameter): Name = "MP"; Value = "TPS54302DDCR"; VariantName = "[No Variations]"
Add component (AddParameter): Name = "Package"; Value = "SOT-23-THN-6 Texas Instruments"; VariantName = "[No Variations]"
Add component (AddParameter): Name = "Price"; Value = "None"; VariantName = "[No Variations]"
Add component (AddParameter): Name = "Purchase-URL"; Value = "https://pricing.snapeda.com/search?q=TPS54302DDCR&ref=eda"; VariantName = "[No Variations]"
Add component (AddParameter): Name = "SnapEDA_Link"; Value = "https://www.snapeda.com/parts/TPS54302DDCR/Texas+Instruments/view-part/?ref=snap"; VariantName = "[No Variations]"
Add component (AddParameter): Name = "Value"; Value = ""; VariantName = "[No Variations]"
Added Component: Designator=U3(LD39200PUR)
Add component (AddParameter): Name = "Availability"; Value = "Unavailable"; VariantName = "[No Variations]"
Add component (AddParameter): Name = "MF"; Value = "STMicroelectronics"; VariantName = "[No Variations]"
Add component (AddParameter): Name = "MP"; Value = "LD39200PUR"; VariantName = "[No Variations]"
Add component (AddParameter): Name = "Package"; Value = "DFN-6 STMicroelectronics"; VariantName = "[No Variations]"
Add component (AddParameter): Name = "Price"; Value = "None"; VariantName = "[No Variations]"
Add component (AddParameter): Name = "SnapEDA_Link"; Value = "https://www.snapeda.com/parts/LD39200PUR/STMicroelectronics/view-part/882017/?ref=snap"; VariantName = "[No Variations]"
Add component (AddParameter): Name = "Value"; Value = ""; VariantName = "[No Variations]"
Added Component: Designator=U4(ICM-42688-P)
Add component (AddParameter): Name = "Availability"; Value = "Unavailable"; VariantName = "[No Variations]"
Add component (AddParameter): Name = "MF"; Value = ""; VariantName = "[No Variations]"
Add component (AddParameter): Name = "MP"; Value = "ICM-42688-P"; VariantName = "[No Variations]"
Add component (AddParameter): Name = "Package"; Value = "None"; VariantName = "[No Variations]"
Add component (AddParameter): Name = "Price"; Value = "None"; VariantName = "[No Variations]"
Add component (AddParameter): Name = "Value"; Value = ""; VariantName = "[No Variations]"
Added Component: Designator=Y1(XTAL_ECS-240-12-37B-CKY-TR)
Add component (AddParameter): Name = "ESR (Equivalent Series Resistance)"; Value = "50 Ohms"; VariantName = "[No Variations]"
Add component (AddParameter): Name = "Frequency"; Value = "24 MHz"; VariantName = "[No Variations]"
Add component (AddParameter): Name = "Frequency Stability"; Value = "±10ppm"; VariantName = "[No Variations]"
Add component (AddParameter): Name = "Frequency Tolerance"; Value = "±10ppm"; VariantName = "[No Variations]"
Add component (AddParameter): Name = "Load Capacitance"; Value = "12pF"; VariantName = "[No Variations]"
Add component (AddParameter): Name = "MP"; Value = "ECS-240-12-37B-CKY-TR"; VariantName = "[No Variations]"
Add component (AddParameter): Name = "Operating Temperature"; Value = "-30°C ~ 85°C"; VariantName = "[No Variations]"
Add component (AddParameter): Name = "Size / Dimension"; Value = "2.00mm x 1.60mm"; VariantName = "[No Variations]"
Added Pin To Net: NetName=+5V_SYS Pin=C31-1
Added Pin To Net: NetName=+5V_SYS Pin=C32-1
Added Pin To Net: NetName=+5V_SYS Pin=C34-1
Added Pin To Net: NetName=+5V_SYS Pin=C35-1
Added Pin To Net: NetName=+5V_SYS Pin=L1-2
Added Pin To Net: NetName=+5V_SYS Pin=R13-1
Added Pin To Net: NetName=+5V_SYS Pin=R17-2
Added Pin To Net: NetName=+5V_SYS Pin=U3-6
Added Net: Name=+5V_SYS
Added Pin To Net: NetName=12V Pin=C29-1
Added Pin To Net: NetName=12V Pin=C30-1
Added Pin To Net: NetName=12V Pin=J1-1
Added Pin To Net: NetName=12V Pin=R12-1
Added Pin To Net: NetName=12V Pin=U2-3
Added Net: Name=12V
Added Pin To Net: NetName=C_Main_SWCLK Pin=P1-20
Added Pin To Net: NetName=C_Main_SWCLK Pin=U1-A11
Added Net: Name=C_Main_SWCLK
Added Pin To Net: NetName=C_Main_SWDIO Pin=P1-18
Added Pin To Net: NetName=C_Main_SWDIO Pin=U1-B11
Added Net: Name=C_Main_SWDIO
Added Pin To Net: NetName=C_Roll_TIM4_CH1 Pin=P2-24
Added Pin To Net: NetName=C_Roll_TIM4_CH1 Pin=U1-J10
Added Net: Name=C_Roll_TIM4_CH1
Added Pin To Net: NetName=C_Roll_TIM4_CH2 Pin=P2-26
Added Pin To Net: NetName=C_Roll_TIM4_CH2 Pin=U1-J9
Added Net: Name=C_Roll_TIM4_CH2
Added Pin To Net: NetName=C_Roll_TIM4_CH3 Pin=P2-28
Added Pin To Net: NetName=C_Roll_TIM4_CH3 Pin=U1-H9
Added Net: Name=C_Roll_TIM4_CH3
Added Pin To Net: NetName=C_Yaw_TIM1_CH1 Pin=P1-24
Added Pin To Net: NetName=C_Yaw_TIM1_CH1 Pin=U1-N6
Added Net: Name=C_Yaw_TIM1_CH1
Added Pin To Net: NetName=C_Yaw_TIM1_CH2 Pin=P1-26
Added Pin To Net: NetName=C_Yaw_TIM1_CH2 Pin=U1-N7
Added Net: Name=C_Yaw_TIM1_CH2
Added Pin To Net: NetName=C_Yaw_TIM1_CH3 Pin=P1-28
Added Pin To Net: NetName=C_Yaw_TIM1_CH3 Pin=U1-H8
Added Net: Name=C_Yaw_TIM1_CH3
Added Pin To Net: NetName=CAM_TRIGGER Pin=P1-41
Added Pin To Net: NetName=CAM_TRIGGER Pin=P2-41
Added Net: Name=CAM_TRIGGER
Added Pin To Net: NetName=CAN_H Pin=P1-39
Added Pin To Net: NetName=CAN_H Pin=P2-39
Added Net: Name=CAN_H
Added Pin To Net: NetName=CAN_L Pin=P1-37
Added Pin To Net: NetName=CAN_L Pin=P2-37
Added Net: Name=CAN_L
Added Pin To Net: NetName=ETHE1_RX_N Pin=P1-9
Added Pin To Net: NetName=ETHE1_RX_N Pin=P2-9
Added Net: Name=ETHE1_RX_N
Added Pin To Net: NetName=ETHE1_RX_P Pin=P1-7
Added Pin To Net: NetName=ETHE1_RX_P Pin=P2-7
Added Net: Name=ETHE1_RX_P
Added Pin To Net: NetName=ETHE1_TX_N Pin=P1-3
Added Pin To Net: NetName=ETHE1_TX_N Pin=P2-3
Added Net: Name=ETHE1_TX_N
Added Pin To Net: NetName=ETHE1_TX_P Pin=P1-1
Added Pin To Net: NetName=ETHE1_TX_P Pin=P2-1
Added Net: Name=ETHE1_TX_P
Added Pin To Net: NetName=ETHE2_RX_N Pin=P1-25
Added Pin To Net: NetName=ETHE2_RX_N Pin=P2-25
Added Net: Name=ETHE2_RX_N
Added Pin To Net: NetName=ETHE2_RX_P Pin=P1-23
Added Pin To Net: NetName=ETHE2_RX_P Pin=P2-23
Added Net: Name=ETHE2_RX_P
Added Pin To Net: NetName=ETHE2_TX_N Pin=P1-19
Added Pin To Net: NetName=ETHE2_TX_N Pin=P2-19
Added Net: Name=ETHE2_TX_N
Added Pin To Net: NetName=ETHE2_TX_P Pin=P1-17
Added Pin To Net: NetName=ETHE2_TX_P Pin=P2-17
Added Net: Name=ETHE2_TX_P
Added Pin To Net: NetName=GND Pin=C1-1
Added Pin To Net: NetName=GND Pin=C5-1
Added Pin To Net: NetName=GND Pin=C6-1
Added Pin To Net: NetName=GND Pin=C7-1
Added Pin To Net: NetName=GND Pin=C8-1
Added Pin To Net: NetName=GND Pin=C9-1
Added Pin To Net: NetName=GND Pin=C12-1
Added Pin To Net: NetName=GND Pin=C13-2
Added Pin To Net: NetName=GND Pin=C14-1
Added Pin To Net: NetName=GND Pin=C15-1
Added Pin To Net: NetName=GND Pin=C16-1
Added Pin To Net: NetName=GND Pin=C17-1
Added Pin To Net: NetName=GND Pin=C18-1
Added Pin To Net: NetName=GND Pin=C19-1
Added Pin To Net: NetName=GND Pin=C20-1
Added Pin To Net: NetName=GND Pin=C21-1
Added Pin To Net: NetName=GND Pin=C22-1
Added Pin To Net: NetName=GND Pin=C23-1
Added Pin To Net: NetName=GND Pin=C24-1
Added Pin To Net: NetName=GND Pin=C25-1
Added Pin To Net: NetName=GND Pin=C26-1
Added Pin To Net: NetName=GND Pin=C27-2
Added Pin To Net: NetName=GND Pin=C29-2
Added Pin To Net: NetName=GND Pin=C30-2
Added Pin To Net: NetName=GND Pin=C31-2
Added Pin To Net: NetName=GND Pin=C32-2
Added Pin To Net: NetName=GND Pin=C34-2
Added Pin To Net: NetName=GND Pin=C35-2
Added Pin To Net: NetName=GND Pin=C36-2
Added Pin To Net: NetName=GND Pin=C37-2
Added Pin To Net: NetName=GND Pin=C38-2
Added Pin To Net: NetName=GND Pin=C39-2
Added Pin To Net: NetName=GND Pin=C40-2
Added Pin To Net: NetName=GND Pin=C41-2
Added Pin To Net: NetName=GND Pin=C44-2
Added Pin To Net: NetName=GND Pin=C45-2
Added Pin To Net: NetName=GND Pin=C46-2
Added Pin To Net: NetName=GND Pin=C49-2
Added Pin To Net: NetName=GND Pin=D1-1
Added Pin To Net: NetName=GND Pin=D2-1
Added Pin To Net: NetName=GND Pin=J2-1
Added Pin To Net: NetName=GND Pin=P1-5
Added Pin To Net: NetName=GND Pin=P1-22
Added Pin To Net: NetName=GND Pin=P1-30
Added Pin To Net: NetName=GND Pin=P1-35
Added Pin To Net: NetName=GND Pin=P1-36
Added Pin To Net: NetName=GND Pin=P1-42
Added Pin To Net: NetName=GND Pin=P1-43
Added Pin To Net: NetName=GND Pin=P1-48
Added Pin To Net: NetName=GND Pin=P2-5
Added Pin To Net: NetName=GND Pin=P2-18
Added Pin To Net: NetName=GND Pin=P2-30
Added Pin To Net: NetName=GND Pin=P2-35
Added Pin To Net: NetName=GND Pin=P2-40
Added Pin To Net: NetName=GND Pin=P2-43
Added Pin To Net: NetName=GND Pin=P2-48
Added Pin To Net: NetName=GND Pin=R1-1
Added Pin To Net: NetName=GND Pin=R14-2
Added Pin To Net: NetName=GND Pin=U1-A1
Added Pin To Net: NetName=GND Pin=U1-A7
Added Pin To Net: NetName=GND Pin=U1-A12
Added Pin To Net: NetName=GND Pin=U1-B4
Added Pin To Net: NetName=GND Pin=U1-B9
Added Pin To Net: NetName=GND Pin=U1-C12
Added Pin To Net: NetName=GND Pin=U1-D1
Added Pin To Net: NetName=GND Pin=U1-E13
Added Pin To Net: NetName=GND Pin=U1-F1
Added Pin To Net: NetName=GND Pin=U1-F2
Added Pin To Net: NetName=GND Pin=U1-F3
Added Pin To Net: NetName=GND Pin=U1-G12
Added Pin To Net: NetName=GND Pin=U1-G13
Added Pin To Net: NetName=GND Pin=U1-H2
Added Pin To Net: NetName=GND Pin=U1-H11
Added Pin To Net: NetName=GND Pin=U1-J11
Added Pin To Net: NetName=GND Pin=U1-K11
Added Pin To Net: NetName=GND Pin=U1-L1
Added Pin To Net: NetName=GND Pin=U1-L13
Added Pin To Net: NetName=GND Pin=U1-M6
Added Pin To Net: NetName=GND Pin=U1-M9
Added Pin To Net: NetName=GND Pin=U1-N1
Added Pin To Net: NetName=GND Pin=U2-1
Added Pin To Net: NetName=GND Pin=U3-3
Added Pin To Net: NetName=GND Pin=U3-7
Added Pin To Net: NetName=GND Pin=U4-2
Added Pin To Net: NetName=GND Pin=U4-3
Added Pin To Net: NetName=GND Pin=U4-6
Added Pin To Net: NetName=GND Pin=U4-7
Added Pin To Net: NetName=GND Pin=U4-10
Added Pin To Net: NetName=GND Pin=U4-11
Added Pin To Net: NetName=GND Pin=Y1-2
Added Pin To Net: NetName=GND Pin=Y1-4
Added Net: Name=GND
Added Pin To Net: NetName=I2C1_SCL Pin=P1-51
Added Pin To Net: NetName=I2C1_SCL Pin=U1-E5
Added Net: Name=I2C1_SCL
Added Pin To Net: NetName=I2C1_SDA Pin=P1-49
Added Pin To Net: NetName=I2C1_SDA Pin=U1-C5
Added Net: Name=I2C1_SDA
Added Pin To Net: NetName=I2C2_SCL Pin=P1-47
Added Pin To Net: NetName=I2C2_SCL Pin=U1-F5
Added Net: Name=I2C2_SCL
Added Pin To Net: NetName=I2C2_SDA Pin=P1-45
Added Pin To Net: NetName=I2C2_SDA Pin=U1-F4
Added Net: Name=I2C2_SDA
Added Pin To Net: NetName=I2C3_SCL Pin=P2-51
Added Pin To Net: NetName=I2C3_SCL Pin=U1-D10
Added Net: Name=I2C3_SCL
Added Pin To Net: NetName=I2C3_SDA Pin=P2-49
Added Pin To Net: NetName=I2C3_SDA Pin=U1-E11
Added Net: Name=I2C3_SDA
Added Pin To Net: NetName=I2C4_SCL Pin=P2-47
Added Pin To Net: NetName=I2C4_SCL Pin=U1-N5
Added Net: Name=I2C4_SCL
Added Pin To Net: NetName=I2C4_SDA Pin=P2-45
Added Pin To Net: NetName=I2C4_SDA Pin=U1-M7
Added Net: Name=I2C4_SDA
Added Pin To Net: NetName=IMU1_INT1 Pin=U1-L3
Added Pin To Net: NetName=IMU1_INT1 Pin=U4-4
Added Net: Name=IMU1_INT1
Added Pin To Net: NetName=IMU1_INT2_FSYNC Pin=U1-K3
Added Pin To Net: NetName=IMU1_INT2_FSYNC Pin=U4-9
Added Net: Name=IMU1_INT2_FSYNC
Added Pin To Net: NetName=MCU1_Main_Left_SWCLK Pin=P1-4
Added Pin To Net: NetName=MCU1_Main_Left_SWCLK Pin=P2-4
Added Net: Name=MCU1_Main_Left_SWCLK
Added Pin To Net: NetName=MCU1_Main_Left_SWDIO Pin=P1-2
Added Pin To Net: NetName=MCU1_Main_Left_SWDIO Pin=P2-2
Added Net: Name=MCU1_Main_Left_SWDIO
Added Pin To Net: NetName=MCU1_Main_Right_SWCLK Pin=P1-12
Added Pin To Net: NetName=MCU1_Main_Right_SWCLK Pin=P2-12
Added Net: Name=MCU1_Main_Right_SWCLK
Added Pin To Net: NetName=MCU1_Main_Right_SWDIO Pin=P1-10
Added Pin To Net: NetName=MCU1_Main_Right_SWDIO Pin=P2-10
Added Net: Name=MCU1_Main_Right_SWDIO
Added Pin To Net: NetName=MCU2_Main_Left_SWCLK Pin=P1-8
Added Pin To Net: NetName=MCU2_Main_Left_SWCLK Pin=P2-8
Added Net: Name=MCU2_Main_Left_SWCLK
Added Pin To Net: NetName=MCU2_Main_Left_SWDIO Pin=P1-6
Added Pin To Net: NetName=MCU2_Main_Left_SWDIO Pin=P2-6
Added Net: Name=MCU2_Main_Left_SWDIO
Added Pin To Net: NetName=MCU2_Main_Right_SWCLK Pin=P1-16
Added Pin To Net: NetName=MCU2_Main_Right_SWCLK Pin=P2-16
Added Net: Name=MCU2_Main_Right_SWCLK
Added Pin To Net: NetName=MCU2_Main_Right_SWDIO Pin=P1-14
Added Pin To Net: NetName=MCU2_Main_Right_SWDIO Pin=P2-14
Added Net: Name=MCU2_Main_Right_SWDIO
Added Pin To Net: NetName=NetC2_1 Pin=C2-1
Added Pin To Net: NetName=NetC2_1 Pin=U1-A4
Added Net: Name=NetC2_1
Added Pin To Net: NetName=NetC2_2 Pin=C2-2
Added Pin To Net: NetName=NetC2_2 Pin=C3-2
Added Pin To Net: NetName=NetC2_2 Pin=C4-2
Added Net: Name=NetC2_2
Added Pin To Net: NetName=NetC3_1 Pin=C3-1
Added Pin To Net: NetName=NetC3_1 Pin=U1-C13
Added Net: Name=NetC3_1
Added Pin To Net: NetName=NetC4_1 Pin=C4-1
Added Pin To Net: NetName=NetC4_1 Pin=U1-N9
Added Net: Name=NetC4_1
Added Pin To Net: NetName=NetC10_1 Pin=C10-1
Added Pin To Net: NetName=NetC10_1 Pin=C11-1
Added Net: Name=NetC10_1
Added Pin To Net: NetName=NetC28_1 Pin=C28-1
Added Pin To Net: NetName=NetC28_1 Pin=U2-6
Added Net: Name=NetC28_1
Added Pin To Net: NetName=NetC28_2 Pin=C28-2
Added Pin To Net: NetName=NetC28_2 Pin=L1-1
Added Pin To Net: NetName=NetC28_2 Pin=U2-2
Added Net: Name=NetC28_2
Added Pin To Net: NetName=NetC33_1 Pin=C33-1
Added Pin To Net: NetName=NetC33_1 Pin=U2-4
Added Net: Name=NetC33_1
Added Pin To Net: NetName=NetC33_2 Pin=C33-2
Added Pin To Net: NetName=NetC33_2 Pin=R13-2
Added Net: Name=NetC33_2
Added Pin To Net: NetName=NetC40_1 Pin=C40-1
Added Net: Name=NetC40_1
Added Pin To Net: NetName=NetC42_1 Pin=C42-1
Added Net: Name=NetC42_1
Added Pin To Net: NetName=NetC42_2 Pin=C42-2
Added Net: Name=NetC42_2
Added Pin To Net: NetName=NetC43_1 Pin=C43-1
Added Net: Name=NetC43_1
Added Pin To Net: NetName=NetC43_2 Pin=C43-2
Added Net: Name=NetC43_2
Added Pin To Net: NetName=NetC44_1 Pin=C44-1
Added Net: Name=NetC44_1
Added Pin To Net: NetName=NetC45_1 Pin=C45-1
Added Net: Name=NetC45_1
Added Pin To Net: NetName=NetC47_1 Pin=C47-1
Added Net: Name=NetC47_1
Added Pin To Net: NetName=NetC47_2 Pin=C47-2
Added Net: Name=NetC47_2
Added Pin To Net: NetName=NetC48_1 Pin=C48-1
Added Net: Name=NetC48_1
Added Pin To Net: NetName=NetC48_2 Pin=C48-2
Added Net: Name=NetC48_2
Added Pin To Net: NetName=NetC49_1 Pin=C49-1
Added Net: Name=NetC49_1
Added Pin To Net: NetName=NetD1_2 Pin=D1-2
Added Net: Name=NetD1_2
Added Pin To Net: NetName=NetD2_2 Pin=D2-2
Added Net: Name=NetD2_2
Added Pin To Net: NetName=NetP1_27 Pin=P1-27
Added Pin To Net: NetName=NetP1_27 Pin=U1-B6
Added Net: Name=NetP1_27
Added Pin To Net: NetName=NetP1_29 Pin=P1-29
Added Pin To Net: NetName=NetP1_29 Pin=U1-A6
Added Net: Name=NetP1_29
Added Pin To Net: NetName=NetP1_32 Pin=P1-32
Added Pin To Net: NetName=NetP1_32 Pin=U1-N4
Added Net: Name=NetP1_32
Added Pin To Net: NetName=NetP1_34 Pin=P1-34
Added Pin To Net: NetName=NetP1_34 Pin=U1-H6
Added Net: Name=NetP1_34
Added Pin To Net: NetName=NetP1_44 Pin=P1-44
Added Pin To Net: NetName=NetP1_44 Pin=U1-D5
Added Net: Name=NetP1_44
Added Pin To Net: NetName=NetP1_46 Pin=P1-46
Added Pin To Net: NetName=NetP1_46 Pin=U1-D6
Added Net: Name=NetP1_46
Added Pin To Net: NetName=NetP1_50 Pin=P1-50
Added Pin To Net: NetName=NetP1_50 Pin=U1-L5
Added Net: Name=NetP1_50
Added Pin To Net: NetName=NetP1_52 Pin=P1-52
Added Pin To Net: NetName=NetP1_52 Pin=U1-A5
Added Net: Name=NetP1_52
Added Pin To Net: NetName=NetR1_2 Pin=R1-2
Added Pin To Net: NetName=NetR1_2 Pin=U1-B5
Added Net: Name=NetR1_2
Added Net: Name=NetR2_1
Added Net: Name=NetR3_1
Added Net: Name=NetR4_2
Added Net: Name=NetR5_2
Added Net: Name=NetR6_2
Added Net: Name=NetR7_2
Added Net: Name=NetR8_1
Added Net: Name=NetR9_1
Added Pin To Net: NetName=NetR10_1 Pin=U1-D9
Added Net: Name=NetR10_1
Added Pin To Net: NetName=NetR12_2 Pin=R12-2
Added Pin To Net: NetName=NetR12_2 Pin=R14-1
Added Pin To Net: NetName=NetR12_2 Pin=U2-5
Added Net: Name=NetR12_2
Added Pin To Net: NetName=NetR17_1 Pin=R17-1
Added Pin To Net: NetName=NetR17_1 Pin=U3-5
Added Net: Name=NetR17_1
Added Net: Name=NetR19_2
Added Net: Name=NetR20_2
Added Net: Name=NetR21_2
Added Net: Name=NetR22_2
Added Net: Name=NetR23_2
Added Net: Name=NetR24_2
Added Net: Name=NetR25_2
Added Net: Name=NetR26_2
Added Pin To Net: NetName=NRST Pin=C12-2
Added Pin To Net: NetName=NRST Pin=R11-1
Added Pin To Net: NetName=NRST Pin=U1-H5
Added Net: Name=NRST
Added Pin To Net: NetName=PH0 Pin=C27-1
Added Pin To Net: NetName=PH0 Pin=U1-J2
Added Pin To Net: NetName=PH0 Pin=Y1-1
Added Net: Name=PH0
Added Pin To Net: NetName=PH1 Pin=C13-1
Added Pin To Net: NetName=PH1 Pin=U1-J1
Added Pin To Net: NetName=PH1 Pin=Y1-3
Added Net: Name=PH1
Added Pin To Net: NetName=PWM_1 Pin=P1-15
Added Pin To Net: NetName=PWM_1 Pin=P2-15
Added Net: Name=PWM_1
Added Pin To Net: NetName=PWM_2 Pin=P1-31
Added Pin To Net: NetName=PWM_2 Pin=P2-31
Added Net: Name=PWM_2
Added Pin To Net: NetName=RS232_ENC_Left_RX Pin=P2-13
Added Net: Name=RS232_ENC_Left_RX
Added Pin To Net: NetName=RS232_ENC_Left_TX Pin=P2-11
Added Net: Name=RS232_ENC_Left_TX
Added Pin To Net: NetName=RS232_ENC_Right_RX Pin=P2-29
Added Net: Name=RS232_ENC_Right_RX
Added Pin To Net: NetName=RS232_ENC_Right_TX Pin=P2-27
Added Net: Name=RS232_ENC_Right_TX
Added Pin To Net: NetName=RS232_RX1 Pin=P2-38
Added Net: Name=RS232_RX1
Added Pin To Net: NetName=RS232_RX2 Pin=P2-44
Added Net: Name=RS232_RX2
Added Pin To Net: NetName=RS232_TX1 Pin=P2-36
Added Net: Name=RS232_TX1
Added Pin To Net: NetName=RS232_TX2 Pin=P2-42
Added Net: Name=RS232_TX2
Added Pin To Net: NetName=RX_AI Pin=P1-40
Added Pin To Net: NetName=RX_AI Pin=U1-B8
Added Net: Name=RX_AI
Added Pin To Net: NetName=SBUS_1 Pin=P1-21
Added Pin To Net: NetName=SBUS_1 Pin=P2-21
Added Net: Name=SBUS_1
Added Pin To Net: NetName=SBUS_2 Pin=P1-33
Added Pin To Net: NetName=SBUS_2 Pin=P2-33
Added Net: Name=SBUS_2
Added Pin To Net: NetName=SPI1_CS Pin=U1-N3
Added Pin To Net: NetName=SPI1_CS Pin=U4-12
Added Net: Name=SPI1_CS
Added Pin To Net: NetName=SPI1_MISO Pin=U1-M4
Added Pin To Net: NetName=SPI1_MISO Pin=U4-1
Added Net: Name=SPI1_MISO
Added Pin To Net: NetName=SPI1_MOSI Pin=U1-K4
Added Pin To Net: NetName=SPI1_MOSI Pin=U4-14
Added Net: Name=SPI1_MOSI
Added Pin To Net: NetName=SPI1_SCK Pin=U1-J5
Added Pin To Net: NetName=SPI1_SCK Pin=U4-13
Added Net: Name=SPI1_SCK
Added Pin To Net: NetName=TX_AI Pin=P1-38
Added Pin To Net: NetName=TX_AI Pin=U1-C8
Added Net: Name=TX_AI
Added Pin To Net: NetName=USART1_RX Pin=U1-M11
Added Net: Name=USART1_RX
Added Pin To Net: NetName=USART1_TX Pin=U1-N11
Added Net: Name=USART1_TX
Added Pin To Net: NetName=USART2_RX Pin=U1-N2
Added Net: Name=USART2_RX
Added Pin To Net: NetName=USART2_TX Pin=U1-M3
Added Net: Name=USART2_TX
Added Pin To Net: NetName=USART3_RX Pin=U1-N8
Added Net: Name=USART3_RX
Added Pin To Net: NetName=USART3_TX Pin=U1-K9
Added Net: Name=USART3_TX
Added Pin To Net: NetName=USART6_RX Pin=U1-E10
Added Net: Name=USART6_RX
Added Pin To Net: NetName=USART6_TX Pin=U1-F11
Added Net: Name=USART6_TX
Added Pin To Net: NetName=VCAP_DSI Pin=C5-2
Added Pin To Net: NetName=VCAP_DSI Pin=C6-2
Added Pin To Net: NetName=VCAP_DSI Pin=U1-L12
Added Net: Name=VCAP_DSI
Added Pin To Net: NetName=VDDA Pin=C14-2
Added Pin To Net: NetName=VDDA Pin=C15-2
Added Pin To Net: NetName=VDDA Pin=FB1-1
Added Pin To Net: NetName=VDDA Pin=U1-L2
Added Pin To Net: NetName=VDDA Pin=U1-M1
Added Net: Name=VDDA
Added Pin To Net: NetName=VDD Pin=C1-2
Added Pin To Net: NetName=VDD Pin=C7-2
Added Pin To Net: NetName=VDD Pin=C8-2
Added Pin To Net: NetName=VDD Pin=C9-2
Added Pin To Net: NetName=VDD Pin=C10-2
Added Pin To Net: NetName=VDD Pin=C11-2
Added Pin To Net: NetName=VDD Pin=C16-2
Added Pin To Net: NetName=VDD Pin=C17-2
Added Pin To Net: NetName=VDD Pin=C18-2
Added Pin To Net: NetName=VDD Pin=C19-2
Added Pin To Net: NetName=VDD Pin=C20-2
Added Pin To Net: NetName=VDD Pin=C21-2
Added Pin To Net: NetName=VDD Pin=C22-2
Added Pin To Net: NetName=VDD Pin=C23-2
Added Pin To Net: NetName=VDD Pin=C24-2
Added Pin To Net: NetName=VDD Pin=C25-2
Added Pin To Net: NetName=VDD Pin=C26-2
Added Pin To Net: NetName=VDD Pin=C36-1
Added Pin To Net: NetName=VDD Pin=C37-1
Added Pin To Net: NetName=VDD Pin=C38-1
Added Pin To Net: NetName=VDD Pin=C39-1
Added Pin To Net: NetName=VDD Pin=C41-1
Added Pin To Net: NetName=VDD Pin=C46-1
Added Pin To Net: NetName=VDD Pin=FB1-2
Added Pin To Net: NetName=VDD Pin=R11-2
Added Pin To Net: NetName=VDD Pin=U1-A3
Added Pin To Net: NetName=VDD Pin=U1-A9
Added Pin To Net: NetName=VDD Pin=U1-B1
Added Pin To Net: NetName=VDD Pin=U1-B2
Added Pin To Net: NetName=VDD Pin=U1-B7
Added Pin To Net: NetName=VDD Pin=U1-B12
Added Pin To Net: NetName=VDD Pin=U1-B13
Added Pin To Net: NetName=VDD Pin=U1-E2
Added Pin To Net: NetName=VDD Pin=U1-E12
Added Pin To Net: NetName=VDD Pin=U1-F12
Added Pin To Net: NetName=VDD Pin=U1-F13
Added Pin To Net: NetName=VDD Pin=U1-H1
Added Pin To Net: NetName=VDD Pin=U1-L9
Added Pin To Net: NetName=VDD Pin=U1-L11
Added Pin To Net: NetName=VDD Pin=U1-M2
Added Pin To Net: NetName=VDD Pin=U1-M13
Added Pin To Net: NetName=VDD Pin=U1-N10
Added Pin To Net: NetName=VDD Pin=U3-1
Added Pin To Net: NetName=VDD Pin=U3-2
Added Pin To Net: NetName=VDD Pin=U4-5
Added Pin To Net: NetName=VDD Pin=U4-8
Added Net: Name=VDD
Added Class: Name=Connector
Added Class: Name=IMU
Added Class: Name=MCU
Added Class: Name=PWR
Added Class: Name=RS232
Added Differential Pair: Name=ETHE1_RX
Added Differential Pair: Name=ETHE1_TX
Added Differential Pair: Name=ETHE2_RX
Added Differential Pair: Name=ETHE2_TX
Added Room: Name=Connector
Added Room: Name=IMU
Added Room: Name=MCU
Added Room: Name=PWR
Added Room: Name=RS232
